The system is: Linux - 5.14.0-503.40.1.el9_5.x86_64 - x86_64
Compiling the C compiler identification source file "CMakeCCompilerId.c" succeeded.
Compiler: /usr/ebuild/installs/software/GCCcore/11.3.0/bin/cc 
Build flags: 
Id flags:  

The output was:
0


Compilation of the C compiler identification source "CMakeCCompilerId.c" produced "a.out"

The C compiler identification is GNU, found in "/home/hs50610/team2/team2_PJMC/PJMC_READY/CMakeFiles/3.17.0/CompilerIdC/a.out"

Compiling the CXX compiler identification source file "CMakeCXXCompilerId.cpp" succeeded.
Compiler: /usr/ebuild/installs/software/GCCcore/11.3.0/bin/c++ 
Build flags: 
Id flags:  

The output was:
0


Compilation of the CXX compiler identification source "CMakeCXXCompilerId.cpp" produced "a.out"

The CXX compiler identification is GNU, found in "/home/hs50610/team2/team2_PJMC/PJMC_READY/CMakeFiles/3.17.0/CompilerIdCXX/a.out"

Determining if the C compiler works passed with the following output:
Change Dir: /home/hs50610/team2/team2_PJMC/PJMC_READY/CMakeFiles/CMakeTmp

Run Build Command(s):/usr/bin/gmake cmTC_d5d6c/fast && /usr/bin/gmake -f CMakeFiles/cmTC_d5d6c.dir/build.make CMakeFiles/cmTC_d5d6c.dir/build
gmake[1]: Entering directory '/umbc/rs/cybertrn/reu2025/team2/team2_PJMC/PJMC_READY/CMakeFiles/CMakeTmp'
Building C object CMakeFiles/cmTC_d5d6c.dir/testCCompiler.c.o
/usr/ebuild/installs/software/GCCcore/11.3.0/bin/cc    -o CMakeFiles/cmTC_d5d6c.dir/testCCompiler.c.o   -c /home/hs50610/team2/team2_PJMC/PJMC_READY/CMakeFiles/CMakeTmp/testCCompiler.c
Linking C executable cmTC_d5d6c
/cm/shared/apps/CMake/3.17.0/bin/cmake -E cmake_link_script CMakeFiles/cmTC_d5d6c.dir/link.txt --verbose=1
/usr/ebuild/installs/software/GCCcore/11.3.0/bin/cc      -rdynamic CMakeFiles/cmTC_d5d6c.dir/testCCompiler.c.o  -o cmTC_d5d6c 
gmake[1]: Leaving directory '/umbc/rs/cybertrn/reu2025/team2/team2_PJMC/PJMC_READY/CMakeFiles/CMakeTmp'



Detecting C compiler ABI info compiled with the following output:
Change Dir: /home/hs50610/team2/team2_PJMC/PJMC_READY/CMakeFiles/CMakeTmp

Run Build Command(s):/usr/bin/gmake cmTC_0af2b/fast && /usr/bin/gmake -f CMakeFiles/cmTC_0af2b.dir/build.make CMakeFiles/cmTC_0af2b.dir/build
gmake[1]: Entering directory '/umbc/rs/cybertrn/reu2025/team2/team2_PJMC/PJMC_READY/CMakeFiles/CMakeTmp'
Building C object CMakeFiles/cmTC_0af2b.dir/CMakeCCompilerABI.c.o
/usr/ebuild/installs/software/GCCcore/11.3.0/bin/cc   -v -o CMakeFiles/cmTC_0af2b.dir/CMakeCCompilerABI.c.o   -c /cm/shared/apps/CMake/3.17.0/share/cmake-3.17/Modules/CMakeCCompilerABI.c
Using built-in specs.
COLLECT_GCC=/usr/ebuild/installs/software/GCCcore/11.3.0/bin/cc
OFFLOAD_TARGET_NAMES=nvptx-none
Target: x86_64-pc-linux-gnu
Configured with: ../configure --enable-languages=c,c++,fortran --without-cuda-driver --enable-offload-targets=nvptx-none --enable-lto --enable-checking=release --disable-multilib --enable-shared=yes --enable-static=yes --enable-threads=posix --enable-plugins --enable-gold --enable-ld=default --prefix=/usr/ebuild/installs/software/GCCcore/11.3.0 --with-local-prefix=/usr/ebuild/installs/software/GCCcore/11.3.0 --enable-bootstrap --with-isl=/scratch/ebuild/GCCcore/11.3.0/system-system/gcc-11.3.0/stage2_stuff --build=x86_64-pc-linux-gnu --host=x86_64-pc-linux-gnu
Thread model: posix
Supported LTO compression algorithms: zlib zstd
gcc version 11.3.0 (GCC) 
COLLECT_GCC_OPTIONS='-v' '-o' 'CMakeFiles/cmTC_0af2b.dir/CMakeCCompilerABI.c.o' '-c' '-mtune=generic' '-march=x86-64' '-dumpdir' 'CMakeFiles/cmTC_0af2b.dir/'
 /usr/ebuild/software/emerald/software/GCCcore/11.3.0/bin/../libexec/gcc/x86_64-pc-linux-gnu/11.3.0/cc1 -quiet -v -iprefix /usr/ebuild/software/emerald/software/GCCcore/11.3.0/bin/../lib/gcc/x86_64-pc-linux-gnu/11.3.0/ /cm/shared/apps/CMake/3.17.0/share/cmake-3.17/Modules/CMakeCCompilerABI.c -quiet -dumpdir CMakeFiles/cmTC_0af2b.dir/ -dumpbase CMakeCCompilerABI.c.c -dumpbase-ext .c -mtune=generic -march=x86-64 -version -o /tmp/ccFT1OAi.s
GNU C17 (GCC) version 11.3.0 (x86_64-pc-linux-gnu)
	compiled by GNU C version 11.3.0, GMP version 6.2.1, MPFR version 4.1.0, MPC version 1.2.1, isl version isl-0.24-GMP

GGC heuristics: --param ggc-min-expand=100 --param ggc-min-heapsize=131072
ignoring nonexistent directory "/usr/ebuild/software/emerald/software/GCCcore/11.3.0/bin/../lib/gcc/x86_64-pc-linux-gnu/11.3.0/../../../../x86_64-pc-linux-gnu/include"
ignoring duplicate directory "/usr/ebuild/software/emerald/software/GCCcore/11.3.0/bin/../lib/gcc/../../lib/gcc/x86_64-pc-linux-gnu/11.3.0/include"
ignoring duplicate directory "/usr/ebuild/software/emerald/software/GCCcore/11.3.0/bin/../lib/gcc/../../lib/gcc/x86_64-pc-linux-gnu/11.3.0/include-fixed"
ignoring nonexistent directory "/usr/ebuild/software/emerald/software/GCCcore/11.3.0/bin/../lib/gcc/../../lib/gcc/x86_64-pc-linux-gnu/11.3.0/../../../../x86_64-pc-linux-gnu/include"
ignoring nonexistent directory "/cm/shared/apps/slurm/current/include"
#include "..." search starts here:
#include <...> search starts here:
 /usr/ebuild/installs/software/DCMTK/3.6.7-GCCcore-11.3.0/include
 /usr/ebuild/installs/software/libxml2/2.9.13-GCCcore-11.3.0/include/libxml2
 /usr/ebuild/installs/software/libxml2/2.9.13-GCCcore-11.3.0/include
 /usr/ebuild/installs/software/XZ/5.2.5-GCCcore-11.3.0/include
 /usr/ebuild/installs/software/libpng/1.6.37-GCCcore-11.3.0/include
 /usr/ebuild/installs/software/zlib/1.2.12-GCCcore-11.3.0/include
 /usr/ebuild/installs/software/ROOT/6.24.06-foss-2021b/include
 /usr/ebuild/installs/software/libiconv/1.17-GCCcore-11.3.0/include
 /usr/ebuild/installs/software/LibTIFF/4.3.0-GCCcore-11.3.0/include
 /usr/ebuild/installs/software/libdeflate/1.10-GCCcore-11.3.0/include
 /usr/ebuild/installs/software/zstd/1.5.2-GCCcore-11.3.0/include
 /usr/ebuild/installs/software/lz4/1.9.3-GCCcore-11.3.0/include
 /usr/ebuild/installs/software/jbigkit/2.1-GCCcore-11.3.0/include
 /usr/ebuild/installs/software/libjpeg-turbo/2.1.3-GCCcore-11.3.0/include
 /usr/ebuild/installs/software/GL2PS/1.4.2-GCCcore-11.2.0/include
 /usr/ebuild/installs/software/freeglut/3.2.1-GCCcore-11.2.0/include
 /usr/ebuild/installs/software/libGLU/9.0.2-GCCcore-11.2.0/include
 /usr/ebuild/installs/software/Mesa/21.1.7-GCCcore-11.2.0/include
 /usr/ebuild/installs/software/LLVM/12.0.1-GCCcore-11.2.0/include
 /usr/ebuild/installs/software/libunwind/1.5.0-GCCcore-11.2.0/include
 /usr/ebuild/installs/software/libglvnd/1.3.3-GCCcore-11.2.0/include
 /usr/ebuild/installs/software/libdrm/2.4.107-GCCcore-11.2.0/include
 /usr/ebuild/installs/software/X11/20210802-GCCcore-11.2.0/include
 /usr/ebuild/installs/software/fontconfig/2.13.94-GCCcore-11.2.0/include
 /usr/ebuild/installs/software/util-linux/2.37-GCCcore-11.2.0/include
 /usr/ebuild/installs/software/expat/2.4.1-GCCcore-11.2.0/include
 /usr/ebuild/installs/software/SciPy-bundle/2021.10-foss-2021b/lib/python3.9/site-packages/numpy/core/include
 /usr/ebuild/installs/software/pybind11/2.7.1-GCCcore-11.2.0/include
 /usr/ebuild/installs/software/Python/3.9.6-GCCcore-11.2.0/include
 /usr/ebuild/installs/software/libffi/3.4.2-GCCcore-11.2.0/include
 /usr/ebuild/installs/software/GMP/6.2.1-GCCcore-11.2.0/include
 /usr/ebuild/installs/software/SQLite/3.36-GCCcore-11.2.0/include
 /usr/ebuild/installs/software/Tcl/8.6.11-GCCcore-11.2.0/include
 /usr/ebuild/installs/software/libreadline/8.1-GCCcore-11.2.0/include
 /usr/ebuild/installs/software/ncurses/6.2-GCCcore-11.2.0/include
 /usr/ebuild/installs/software/freetype/2.11.0-GCCcore-11.2.0/include/freetype2
 /usr/ebuild/installs/software/Brotli/1.0.9-GCCcore-11.2.0/include
 /usr/ebuild/installs/software/CFITSIO/3.49-GCCcore-11.2.0/include
 /usr/ebuild/installs/software/cURL/7.78.0-GCCcore-11.2.0/include
 /usr/ebuild/installs/software/PCRE/8.45-GCCcore-11.2.0/include
 /usr/ebuild/installs/software/bzip2/1.0.8-GCCcore-11.2.0/include
 /usr/ebuild/installs/software/GSL/2.7-GCC-11.2.0/include
 /usr/ebuild/installs/software/FFTW/3.3.10-gompi-2021b/include
 /usr/ebuild/installs/software/FlexiBLAS/3.0.4-GCC-11.2.0/include
 /usr/ebuild/installs/software/OpenBLAS/0.3.18-GCC-11.2.0/include
 /usr/ebuild/installs/software/OpenMPI/4.1.1-GCC-11.2.0/include
 /usr/ebuild/installs/software/PMIx/4.1.0-GCCcore-11.2.0/include
 /usr/ebuild/installs/software/libfabric/1.13.2-GCCcore-11.2.0/include
 /usr/ebuild/installs/software/UCX/1.11.2-GCCcore-11.2.0/include
 /usr/ebuild/installs/software/libevent/2.1.12-GCCcore-11.2.0/include
 /usr/ebuild/installs/software/OpenSSL/1.1/include
 /usr/ebuild/installs/software/hwloc/2.5.0-GCCcore-11.2.0/include
 /usr/ebuild/installs/software/libpciaccess/0.16-GCCcore-11.2.0/include
 /usr/ebuild/installs/software/numactl/2.0.14-GCCcore-11.2.0/include
 /usr/ebuild/installs/software/binutils/2.37-GCCcore-11.2.0/include
 /usr/ebuild/software/emerald/software/GCCcore/11.3.0/bin/../lib/gcc/x86_64-pc-linux-gnu/11.3.0/include
 /usr/ebuild/software/emerald/software/GCCcore/11.3.0/bin/../lib/gcc/x86_64-pc-linux-gnu/11.3.0/include-fixed
 /usr/ebuild/installs/software/GCCcore/11.3.0/include
 /usr/include
End of search list.
GNU C17 (GCC) version 11.3.0 (x86_64-pc-linux-gnu)
	compiled by GNU C version 11.3.0, GMP version 6.2.1, MPFR version 4.1.0, MPC version 1.2.1, isl version isl-0.24-GMP

GGC heuristics: --param ggc-min-expand=100 --param ggc-min-heapsize=131072
Compiler executable checksum: 4a248c81b289dc39cb9f9c04b11ea634
COLLECT_GCC_OPTIONS='-v' '-o' 'CMakeFiles/cmTC_0af2b.dir/CMakeCCompilerABI.c.o' '-c' '-mtune=generic' '-march=x86-64' '-dumpdir' 'CMakeFiles/cmTC_0af2b.dir/'
 as -v --64 -o CMakeFiles/cmTC_0af2b.dir/CMakeCCompilerABI.c.o /tmp/ccFT1OAi.s
GNU assembler version 2.37 (x86_64-pc-linux-gnu) using BFD version (GNU Binutils) 2.37
COMPILER_PATH=/usr/ebuild/software/emerald/software/GCCcore/11.3.0/bin/../libexec/gcc/x86_64-pc-linux-gnu/11.3.0/:/usr/ebuild/software/emerald/software/GCCcore/11.3.0/bin/../libexec/gcc/
LIBRARY_PATH=/usr/ebuild/software/emerald/software/GCCcore/11.3.0/bin/../lib/gcc/x86_64-pc-linux-gnu/11.3.0/:/usr/ebuild/software/emerald/software/GCCcore/11.3.0/bin/../lib/gcc/:/usr/ebuild/installs/software/DCMTK/3.6.7-GCCcore-11.3.0/lib/../lib64/:/usr/ebuild/installs/software/libxml2/2.9.13-GCCcore-11.3.0/lib/../lib64/:/usr/ebuild/installs/software/XZ/5.2.5-GCCcore-11.3.0/lib/../lib64/:/usr/ebuild/installs/software/libpng/1.6.37-GCCcore-11.3.0/lib/../lib64/:/usr/ebuild/installs/software/zlib/1.2.12-GCCcore-11.3.0/lib/../lib64/:/usr/ebuild/installs/software/ROOT/6.24.06-foss-2021b/lib/../lib64/:/cm/shared/apps/slurm/current/lib64/../lib64/:/usr/ebuild/installs/software/libiconv/1.17-GCCcore-11.3.0/lib/../lib64/:/usr/ebuild/installs/software/LibTIFF/4.3.0-GCCcore-11.3.0/lib/../lib64/:/usr/ebuild/installs/software/libdeflate/1.10-GCCcore-11.3.0/lib/../lib64/:/usr/ebuild/installs/software/zstd/1.5.2-GCCcore-11.3.0/lib/../lib64/:/usr/ebuild/installs/software/lz4/1.9.3-GCCcore-11.3.0/lib/../lib64/:/usr/ebuild/installs/software/jbigkit/2.1-GCCcore-11.3.0/lib/../lib64/:/usr/ebuild/installs/software/libjpeg-turbo/2.1.3-GCCcore-11.3.0/lib/../lib64/:/usr/ebuild/installs/software/GL2PS/1.4.2-GCCcore-11.2.0/lib/../lib64/:/usr/ebuild/installs/software/freeglut/3.2.1-GCCcore-11.2.0/lib/../lib64/:/usr/ebuild/installs/software/libGLU/9.0.2-GCCcore-11.2.0/lib/../lib64/:/usr/ebuild/installs/software/Mesa/21.1.7-GCCcore-11.2.0/lib/../lib64/:/usr/ebuild/installs/software/LLVM/12.0.1-GCCcore-11.2.0/lib/../lib64/:/usr/ebuild/installs/software/libunwind/1.5.0-GCCcore-11.2.0/lib/../lib64/:/usr/ebuild/installs/software/libglvnd/1.3.3-GCCcore-11.2.0/lib/../lib64/:/usr/ebuild/installs/software/libdrm/2.4.107-GCCcore-11.2.0/lib/../lib64/:/usr/ebuild/installs/software/X11/20210802-GCCcore-11.2.0/lib/../lib64/:/usr/ebuild/installs/software/fontconfig/2.13.94-GCCcore-11.2.0/lib/../lib64/:/usr/ebuild/installs/software/util-linux/2.37-GCCcore-11.2.0/lib/../lib64/:/usr/ebuild/installs/software/expat/2.4.1-GCCcore-11.2.0/lib/../lib64/:/usr/ebuild/installs/software/SciPy-bundle/2021.10-foss-2021b/lib/../lib64/:/usr/ebuild/installs/software/Python/3.9.6-GCCcore-11.2.0/lib/../lib64/:/usr/ebuild/installs/software/libffi/3.4.2-GCCcore-11.2.0/lib64/../lib64/:/usr/ebuild/installs/software/libffi/3.4.2-GCCcore-11.2.0/lib/../lib64/:/usr/ebuild/installs/software/GMP/6.2.1-GCCcore-11.2.0/lib/../lib64/:/usr/ebuild/installs/software/SQLite/3.36-GCCcore-11.2.0/lib/../lib64/:/usr/ebuild/installs/software/Tcl/8.6.11-GCCcore-11.2.0/lib/../lib64/:/usr/ebuild/installs/software/libreadline/8.1-GCCcore-11.2.0/lib/../lib64/:/usr/ebuild/installs/software/ncurses/6.2-GCCcore-11.2.0/lib/../lib64/:/usr/ebuild/installs/software/freetype/2.11.0-GCCcore-11.2.0/lib/../lib64/:/usr/ebuild/installs/software/Brotli/1.0.9-GCCcore-11.2.0/lib/../lib64/:/usr/ebuild/installs/software/CFITSIO/3.49-GCCcore-11.2.0/lib/../lib64/:/usr/ebuild/installs/software/cURL/7.78.0-GCCcore-11.2.0/lib/../lib64/:/usr/ebuild/installs/software/PCRE/8.45-GCCcore-11.2.0/lib/../lib64/:/usr/ebuild/installs/software/bzip2/1.0.8-GCCcore-11.2.0/lib/../lib64/:/usr/ebuild/installs/software/GSL/2.7-GCC-11.2.0/lib/../lib64/:/usr/ebuild/installs/software/ScaLAPACK/2.1.0-gompi-2021b-fb/lib/../lib64/:/usr/ebuild/installs/software/FFTW/3.3.10-gompi-2021b/lib/../lib64/:/usr/ebuild/installs/software/FlexiBLAS/3.0.4-GCC-11.2.0/lib/../lib64/:/usr/ebuild/installs/software/OpenBLAS/0.3.18-GCC-11.2.0/lib/../lib64/:/usr/ebuild/installs/software/OpenMPI/4.1.1-GCC-11.2.0/lib/../lib64/:/usr/ebuild/installs/software/PMIx/4.1.0-GCCcore-11.2.0/lib/../lib64/:/usr/ebuild/installs/software/libfabric/1.13.2-GCCcore-11.2.0/lib/../lib64/:/usr/ebuild/installs/software/UCX/1.11.2-GCCcore-11.2.0/lib/../lib64/:/usr/ebuild/installs/software/libevent/2.1.12-GCCcore-11.2.0/lib/../lib64/:/usr/ebuild/installs/software/OpenSSL/1.1/lib/../lib64/:/usr/ebuild/installs/software/hwloc/2.5.0-GCCcore-11.2.0/lib/../lib64/:/usr/ebuild/installs/software/libpciaccess/0.16-GCCcore-11.2.0/lib/../lib64/:/usr/ebuild/installs/software/numactl/2.0.14-GCCcore-11.2.0/lib/../lib64/:/usr/ebuild/installs/software/binutils/2.37-GCCcore-11.2.0/lib/../lib64/:/usr/ebuild/software/emerald/software/GCCcore/11.3.0/bin/../lib/gcc/x86_64-pc-linux-gnu/11.3.0/../../../../lib64/:/lib/../lib64/:/usr/lib/../lib64/:/usr/ebuild/installs/software/DCMTK/3.6.7-GCCcore-11.3.0/lib/:/usr/ebuild/installs/software/libxml2/2.9.13-GCCcore-11.3.0/lib/:/usr/ebuild/installs/software/XZ/5.2.5-GCCcore-11.3.0/lib/:/usr/ebuild/installs/software/libpng/1.6.37-GCCcore-11.3.0/lib/:/usr/ebuild/installs/software/zlib/1.2.12-GCCcore-11.3.0/lib/:/usr/ebuild/installs/software/ROOT/6.24.06-foss-2021b/lib/:/cm/shared/apps/slurm/current/lib64/slurm/:/cm/shared/apps/slurm/current/lib64/:/usr/ebuild/installs/software/libiconv/1.17-GCCcore-11.3.0/lib/:/usr/ebuild/installs/software/LibTIFF/4.3.0-GCCcore-11.3.0/lib/:/usr/ebuild/installs/software/libdeflate/1.10-GCCcore-11.3.0/lib/:/usr/ebuild/installs/software/zstd/1.5.2-GCCcore-11.3.0/lib/:/usr/ebuild/installs/software/lz4/1.9.3-GCCcore-11.3.0/lib/:/usr/ebuild/installs/software/jbigkit/2.1-GCCcore-11.3.0/lib/:/usr/ebuild/installs/software/libjpeg-turbo/2.1.3-GCCcore-11.3.0/lib/:/usr/ebuild/installs/software/GL2PS/1.4.2-GCCcore-11.2.0/lib/:/usr/ebuild/installs/software/freeglut/3.2.1-GCCcore-11.2.0/lib/:/usr/ebuild/installs/software/libGLU/9.0.2-GCCcore-11.2.0/lib/:/usr/ebuild/installs/software/Mesa/21.1.7-GCCcore-11.2.0/lib/:/usr/ebuild/installs/software/LLVM/12.0.1-GCCcore-11.2.0/lib/:/usr/ebuild/installs/software/libunwind/1.5.0-GCCcore-11.2.0/lib/:/usr/ebuild/installs/software/libglvnd/1.3.3-GCCcore-11.2.0/lib/:/usr/ebuild/installs/software/libdrm/2.4.107-GCCcore-11.2.0/lib/:/usr/ebuild/installs/software/X11/20210802-GCCcore-11.2.0/lib/:/usr/ebuild/installs/software/fontconfig/2.13.94-GCCcore-11.2.0/lib/:/usr/ebuild/installs/software/util-linux/2.37-GCCcore-11.2.0/lib/:/usr/ebuild/installs/software/expat/2.4.1-GCCcore-11.2.0/lib/:/usr/ebuild/installs/software/SciPy-bundle/2021.10-foss-2021b/lib/python3.9/site-packages/numpy/core/lib/:/usr/ebuild/installs/software/SciPy-bundle/2021.10-foss-2021b/lib/:/usr/ebuild/installs/software/Python/3.9.6-GCCcore-11.2.0/lib/:/usr/ebuild/installs/software/libffi/3.4.2-GCCcore-11.2.0/lib64/:/usr/ebuild/installs/software/libffi/3.4.2-GCCcore-11.2.0/lib/:/usr/ebuild/installs/software/GMP/6.2.1-GCCcore-11.2.0/lib/:/usr/ebuild/installs/software/SQLite/3.36-GCCcore-11.2.0/lib/:/usr/ebuild/installs/software/Tcl/8.6.11-GCCcore-11.2.0/lib/:/usr/ebuild/installs/software/libreadline/8.1-GCCcore-11.2.0/lib/:/usr/ebuild/installs/software/ncurses/6.2-GCCcore-11.2.0/lib/:/usr/ebuild/installs/software/freetype/2.11.0-GCCcore-11.2.0/lib/:/usr/ebuild/installs/software/Brotli/1.0.9-GCCcore-11.2.0/lib/:/usr/ebuild/installs/software/CFITSIO/3.49-GCCcore-11.2.0/lib/:/usr/ebuild/installs/software/cURL/7.78.0-GCCcore-11.2.0/lib/:/usr/ebuild/installs/software/PCRE/8.45-GCCcore-11.2.0/lib/:/usr/ebuild/installs/software/bzip2/1.0.8-GCCcore-11.2.0/lib/:/usr/ebuild/installs/software/GSL/2.7-GCC-11.2.0/lib/:/usr/ebuild/installs/software/ScaLAPACK/2.1.0-gompi-2021b-fb/lib/:/usr/ebuild/installs/software/FFTW/3.3.10-gompi-2021b/lib/:/usr/ebuild/installs/software/FlexiBLAS/3.0.4-GCC-11.2.0/lib/:/usr/ebuild/installs/software/OpenBLAS/0.3.18-GCC-11.2.0/lib/:/usr/ebuild/installs/software/OpenMPI/4.1.1-GCC-11.2.0/lib/:/usr/ebuild/installs/software/PMIx/4.1.0-GCCcore-11.2.0/lib/:/usr/ebuild/installs/software/libfabric/1.13.2-GCCcore-11.2.0/lib/:/usr/ebuild/installs/software/UCX/1.11.2-GCCcore-11.2.0/lib/:/usr/ebuild/installs/software/libevent/2.1.12-GCCcore-11.2.0/lib/:/usr/ebuild/installs/software/OpenSSL/1.1/lib/:/usr/ebuild/installs/software/hwloc/2.5.0-GCCcore-11.2.0/lib/:/usr/ebuild/installs/software/libpciaccess/0.16-GCCcore-11.2.0/lib/:/usr/ebuild/installs/software/numactl/2.0.14-GCCcore-11.2.0/lib/:/usr/ebuild/installs/software/binutils/2.37-GCCcore-11.2.0/lib/:/usr/ebuild/software/emerald/software/GCCcore/11.3.0/bin/../lib/gcc/x86_64-pc-linux-gnu/11.3.0/../../../:/lib/:/usr/lib/
COLLECT_GCC_OPTIONS='-v' '-o' 'CMakeFiles/cmTC_0af2b.dir/CMakeCCompilerABI.c.o' '-c' '-mtune=generic' '-march=x86-64' '-dumpdir' 'CMakeFiles/cmTC_0af2b.dir/CMakeCCompilerABI.c.'
Linking C executable cmTC_0af2b
/cm/shared/apps/CMake/3.17.0/bin/cmake -E cmake_link_script CMakeFiles/cmTC_0af2b.dir/link.txt --verbose=1
/usr/ebuild/installs/software/GCCcore/11.3.0/bin/cc     -v -rdynamic CMakeFiles/cmTC_0af2b.dir/CMakeCCompilerABI.c.o  -o cmTC_0af2b 
Using built-in specs.
COLLECT_GCC=/usr/ebuild/installs/software/GCCcore/11.3.0/bin/cc
COLLECT_LTO_WRAPPER=/usr/ebuild/software/emerald/software/GCCcore/11.3.0/bin/../libexec/gcc/x86_64-pc-linux-gnu/11.3.0/lto-wrapper
OFFLOAD_TARGET_NAMES=nvptx-none
Target: x86_64-pc-linux-gnu
Configured with: ../configure --enable-languages=c,c++,fortran --without-cuda-driver --enable-offload-targets=nvptx-none --enable-lto --enable-checking=release --disable-multilib --enable-shared=yes --enable-static=yes --enable-threads=posix --enable-plugins --enable-gold --enable-ld=default --prefix=/usr/ebuild/installs/software/GCCcore/11.3.0 --with-local-prefix=/usr/ebuild/installs/software/GCCcore/11.3.0 --enable-bootstrap --with-isl=/scratch/ebuild/GCCcore/11.3.0/system-system/gcc-11.3.0/stage2_stuff --build=x86_64-pc-linux-gnu --host=x86_64-pc-linux-gnu
Thread model: posix
Supported LTO compression algorithms: zlib zstd
gcc version 11.3.0 (GCC) 
COMPILER_PATH=/usr/ebuild/software/emerald/software/GCCcore/11.3.0/bin/../libexec/gcc/x86_64-pc-linux-gnu/11.3.0/:/usr/ebuild/software/emerald/software/GCCcore/11.3.0/bin/../libexec/gcc/
LIBRARY_PATH=/usr/ebuild/software/emerald/software/GCCcore/11.3.0/bin/../lib/gcc/x86_64-pc-linux-gnu/11.3.0/:/usr/ebuild/software/emerald/software/GCCcore/11.3.0/bin/../lib/gcc/:/usr/ebuild/installs/software/DCMTK/3.6.7-GCCcore-11.3.0/lib/../lib64/:/usr/ebuild/installs/software/libxml2/2.9.13-GCCcore-11.3.0/lib/../lib64/:/usr/ebuild/installs/software/XZ/5.2.5-GCCcore-11.3.0/lib/../lib64/:/usr/ebuild/installs/software/libpng/1.6.37-GCCcore-11.3.0/lib/../lib64/:/usr/ebuild/installs/software/zlib/1.2.12-GCCcore-11.3.0/lib/../lib64/:/usr/ebuild/installs/software/ROOT/6.24.06-foss-2021b/lib/../lib64/:/cm/shared/apps/slurm/current/lib64/../lib64/:/usr/ebuild/installs/software/libiconv/1.17-GCCcore-11.3.0/lib/../lib64/:/usr/ebuild/installs/software/LibTIFF/4.3.0-GCCcore-11.3.0/lib/../lib64/:/usr/ebuild/installs/software/libdeflate/1.10-GCCcore-11.3.0/lib/../lib64/:/usr/ebuild/installs/software/zstd/1.5.2-GCCcore-11.3.0/lib/../lib64/:/usr/ebuild/installs/software/lz4/1.9.3-GCCcore-11.3.0/lib/../lib64/:/usr/ebuild/installs/software/jbigkit/2.1-GCCcore-11.3.0/lib/../lib64/:/usr/ebuild/installs/software/libjpeg-turbo/2.1.3-GCCcore-11.3.0/lib/../lib64/:/usr/ebuild/installs/software/GL2PS/1.4.2-GCCcore-11.2.0/lib/../lib64/:/usr/ebuild/installs/software/freeglut/3.2.1-GCCcore-11.2.0/lib/../lib64/:/usr/ebuild/installs/software/libGLU/9.0.2-GCCcore-11.2.0/lib/../lib64/:/usr/ebuild/installs/software/Mesa/21.1.7-GCCcore-11.2.0/lib/../lib64/:/usr/ebuild/installs/software/LLVM/12.0.1-GCCcore-11.2.0/lib/../lib64/:/usr/ebuild/installs/software/libunwind/1.5.0-GCCcore-11.2.0/lib/../lib64/:/usr/ebuild/installs/software/libglvnd/1.3.3-GCCcore-11.2.0/lib/../lib64/:/usr/ebuild/installs/software/libdrm/2.4.107-GCCcore-11.2.0/lib/../lib64/:/usr/ebuild/installs/software/X11/20210802-GCCcore-11.2.0/lib/../lib64/:/usr/ebuild/installs/software/fontconfig/2.13.94-GCCcore-11.2.0/lib/../lib64/:/usr/ebuild/installs/software/util-linux/2.37-GCCcore-11.2.0/lib/../lib64/:/usr/ebuild/installs/software/expat/2.4.1-GCCcore-11.2.0/lib/../lib64/:/usr/ebuild/installs/software/SciPy-bundle/2021.10-foss-2021b/lib/../lib64/:/usr/ebuild/installs/software/Python/3.9.6-GCCcore-11.2.0/lib/../lib64/:/usr/ebuild/installs/software/libffi/3.4.2-GCCcore-11.2.0/lib64/../lib64/:/usr/ebuild/installs/software/libffi/3.4.2-GCCcore-11.2.0/lib/../lib64/:/usr/ebuild/installs/software/GMP/6.2.1-GCCcore-11.2.0/lib/../lib64/:/usr/ebuild/installs/software/SQLite/3.36-GCCcore-11.2.0/lib/../lib64/:/usr/ebuild/installs/software/Tcl/8.6.11-GCCcore-11.2.0/lib/../lib64/:/usr/ebuild/installs/software/libreadline/8.1-GCCcore-11.2.0/lib/../lib64/:/usr/ebuild/installs/software/ncurses/6.2-GCCcore-11.2.0/lib/../lib64/:/usr/ebuild/installs/software/freetype/2.11.0-GCCcore-11.2.0/lib/../lib64/:/usr/ebuild/installs/software/Brotli/1.0.9-GCCcore-11.2.0/lib/../lib64/:/usr/ebuild/installs/software/CFITSIO/3.49-GCCcore-11.2.0/lib/../lib64/:/usr/ebuild/installs/software/cURL/7.78.0-GCCcore-11.2.0/lib/../lib64/:/usr/ebuild/installs/software/PCRE/8.45-GCCcore-11.2.0/lib/../lib64/:/usr/ebuild/installs/software/bzip2/1.0.8-GCCcore-11.2.0/lib/../lib64/:/usr/ebuild/installs/software/GSL/2.7-GCC-11.2.0/lib/../lib64/:/usr/ebuild/installs/software/ScaLAPACK/2.1.0-gompi-2021b-fb/lib/../lib64/:/usr/ebuild/installs/software/FFTW/3.3.10-gompi-2021b/lib/../lib64/:/usr/ebuild/installs/software/FlexiBLAS/3.0.4-GCC-11.2.0/lib/../lib64/:/usr/ebuild/installs/software/OpenBLAS/0.3.18-GCC-11.2.0/lib/../lib64/:/usr/ebuild/installs/software/OpenMPI/4.1.1-GCC-11.2.0/lib/../lib64/:/usr/ebuild/installs/software/PMIx/4.1.0-GCCcore-11.2.0/lib/../lib64/:/usr/ebuild/installs/software/libfabric/1.13.2-GCCcore-11.2.0/lib/../lib64/:/usr/ebuild/installs/software/UCX/1.11.2-GCCcore-11.2.0/lib/../lib64/:/usr/ebuild/installs/software/libevent/2.1.12-GCCcore-11.2.0/lib/../lib64/:/usr/ebuild/installs/software/OpenSSL/1.1/lib/../lib64/:/usr/ebuild/installs/software/hwloc/2.5.0-GCCcore-11.2.0/lib/../lib64/:/usr/ebuild/installs/software/libpciaccess/0.16-GCCcore-11.2.0/lib/../lib64/:/usr/ebuild/installs/software/numactl/2.0.14-GCCcore-11.2.0/lib/../lib64/:/usr/ebuild/installs/software/binutils/2.37-GCCcore-11.2.0/lib/../lib64/:/usr/ebuild/software/emerald/software/GCCcore/11.3.0/bin/../lib/gcc/x86_64-pc-linux-gnu/11.3.0/../../../../lib64/:/lib/../lib64/:/usr/lib/../lib64/:/usr/ebuild/installs/software/DCMTK/3.6.7-GCCcore-11.3.0/lib/:/usr/ebuild/installs/software/libxml2/2.9.13-GCCcore-11.3.0/lib/:/usr/ebuild/installs/software/XZ/5.2.5-GCCcore-11.3.0/lib/:/usr/ebuild/installs/software/libpng/1.6.37-GCCcore-11.3.0/lib/:/usr/ebuild/installs/software/zlib/1.2.12-GCCcore-11.3.0/lib/:/usr/ebuild/installs/software/ROOT/6.24.06-foss-2021b/lib/:/cm/shared/apps/slurm/current/lib64/slurm/:/cm/shared/apps/slurm/current/lib64/:/usr/ebuild/installs/software/libiconv/1.17-GCCcore-11.3.0/lib/:/usr/ebuild/installs/software/LibTIFF/4.3.0-GCCcore-11.3.0/lib/:/usr/ebuild/installs/software/libdeflate/1.10-GCCcore-11.3.0/lib/:/usr/ebuild/installs/software/zstd/1.5.2-GCCcore-11.3.0/lib/:/usr/ebuild/installs/software/lz4/1.9.3-GCCcore-11.3.0/lib/:/usr/ebuild/installs/software/jbigkit/2.1-GCCcore-11.3.0/lib/:/usr/ebuild/installs/software/libjpeg-turbo/2.1.3-GCCcore-11.3.0/lib/:/usr/ebuild/installs/software/GL2PS/1.4.2-GCCcore-11.2.0/lib/:/usr/ebuild/installs/software/freeglut/3.2.1-GCCcore-11.2.0/lib/:/usr/ebuild/installs/software/libGLU/9.0.2-GCCcore-11.2.0/lib/:/usr/ebuild/installs/software/Mesa/21.1.7-GCCcore-11.2.0/lib/:/usr/ebuild/installs/software/LLVM/12.0.1-GCCcore-11.2.0/lib/:/usr/ebuild/installs/software/libunwind/1.5.0-GCCcore-11.2.0/lib/:/usr/ebuild/installs/software/libglvnd/1.3.3-GCCcore-11.2.0/lib/:/usr/ebuild/installs/software/libdrm/2.4.107-GCCcore-11.2.0/lib/:/usr/ebuild/installs/software/X11/20210802-GCCcore-11.2.0/lib/:/usr/ebuild/installs/software/fontconfig/2.13.94-GCCcore-11.2.0/lib/:/usr/ebuild/installs/software/util-linux/2.37-GCCcore-11.2.0/lib/:/usr/ebuild/installs/software/expat/2.4.1-GCCcore-11.2.0/lib/:/usr/ebuild/installs/software/SciPy-bundle/2021.10-foss-2021b/lib/python3.9/site-packages/numpy/core/lib/:/usr/ebuild/installs/software/SciPy-bundle/2021.10-foss-2021b/lib/:/usr/ebuild/installs/software/Python/3.9.6-GCCcore-11.2.0/lib/:/usr/ebuild/installs/software/libffi/3.4.2-GCCcore-11.2.0/lib64/:/usr/ebuild/installs/software/libffi/3.4.2-GCCcore-11.2.0/lib/:/usr/ebuild/installs/software/GMP/6.2.1-GCCcore-11.2.0/lib/:/usr/ebuild/installs/software/SQLite/3.36-GCCcore-11.2.0/lib/:/usr/ebuild/installs/software/Tcl/8.6.11-GCCcore-11.2.0/lib/:/usr/ebuild/installs/software/libreadline/8.1-GCCcore-11.2.0/lib/:/usr/ebuild/installs/software/ncurses/6.2-GCCcore-11.2.0/lib/:/usr/ebuild/installs/software/freetype/2.11.0-GCCcore-11.2.0/lib/:/usr/ebuild/installs/software/Brotli/1.0.9-GCCcore-11.2.0/lib/:/usr/ebuild/installs/software/CFITSIO/3.49-GCCcore-11.2.0/lib/:/usr/ebuild/installs/software/cURL/7.78.0-GCCcore-11.2.0/lib/:/usr/ebuild/installs/software/PCRE/8.45-GCCcore-11.2.0/lib/:/usr/ebuild/installs/software/bzip2/1.0.8-GCCcore-11.2.0/lib/:/usr/ebuild/installs/software/GSL/2.7-GCC-11.2.0/lib/:/usr/ebuild/installs/software/ScaLAPACK/2.1.0-gompi-2021b-fb/lib/:/usr/ebuild/installs/software/FFTW/3.3.10-gompi-2021b/lib/:/usr/ebuild/installs/software/FlexiBLAS/3.0.4-GCC-11.2.0/lib/:/usr/ebuild/installs/software/OpenBLAS/0.3.18-GCC-11.2.0/lib/:/usr/ebuild/installs/software/OpenMPI/4.1.1-GCC-11.2.0/lib/:/usr/ebuild/installs/software/PMIx/4.1.0-GCCcore-11.2.0/lib/:/usr/ebuild/installs/software/libfabric/1.13.2-GCCcore-11.2.0/lib/:/usr/ebuild/installs/software/UCX/1.11.2-GCCcore-11.2.0/lib/:/usr/ebuild/installs/software/libevent/2.1.12-GCCcore-11.2.0/lib/:/usr/ebuild/installs/software/OpenSSL/1.1/lib/:/usr/ebuild/installs/software/hwloc/2.5.0-GCCcore-11.2.0/lib/:/usr/ebuild/installs/software/libpciaccess/0.16-GCCcore-11.2.0/lib/:/usr/ebuild/installs/software/numactl/2.0.14-GCCcore-11.2.0/lib/:/usr/ebuild/installs/software/binutils/2.37-GCCcore-11.2.0/lib/:/usr/ebuild/software/emerald/software/GCCcore/11.3.0/bin/../lib/gcc/x86_64-pc-linux-gnu/11.3.0/../../../:/lib/:/usr/lib/
COLLECT_GCC_OPTIONS='-v' '-rdynamic' '-o' 'cmTC_0af2b' '-mtune=generic' '-march=x86-64' '-dumpdir' 'cmTC_0af2b.'
 /usr/ebuild/software/emerald/software/GCCcore/11.3.0/bin/../libexec/gcc/x86_64-pc-linux-gnu/11.3.0/collect2 -plugin /usr/ebuild/software/emerald/software/GCCcore/11.3.0/bin/../libexec/gcc/x86_64-pc-linux-gnu/11.3.0/liblto_plugin.so -plugin-opt=/usr/ebuild/software/emerald/software/GCCcore/11.3.0/bin/../libexec/gcc/x86_64-pc-linux-gnu/11.3.0/lto-wrapper -plugin-opt=-fresolution=/tmp/cc1QoOv3.res -plugin-opt=-pass-through=-lgcc -plugin-opt=-pass-through=-lgcc_s -plugin-opt=-pass-through=-lc -plugin-opt=-pass-through=-lgcc -plugin-opt=-pass-through=-lgcc_s --eh-frame-hdr -m elf_x86_64 -export-dynamic -dynamic-linker /lib64/ld-linux-x86-64.so.2 -o cmTC_0af2b /lib/../lib64/crt1.o /lib/../lib64/crti.o /usr/ebuild/software/emerald/software/GCCcore/11.3.0/bin/../lib/gcc/x86_64-pc-linux-gnu/11.3.0/crtbegin.o -L/usr/ebuild/software/emerald/software/GCCcore/11.3.0/bin/../lib/gcc/x86_64-pc-linux-gnu/11.3.0 -L/usr/ebuild/software/emerald/software/GCCcore/11.3.0/bin/../lib/gcc -L/usr/ebuild/installs/software/DCMTK/3.6.7-GCCcore-11.3.0/lib/../lib64 -L/usr/ebuild/installs/software/libxml2/2.9.13-GCCcore-11.3.0/lib/../lib64 -L/usr/ebuild/installs/software/XZ/5.2.5-GCCcore-11.3.0/lib/../lib64 -L/usr/ebuild/installs/software/libpng/1.6.37-GCCcore-11.3.0/lib/../lib64 -L/usr/ebuild/installs/software/zlib/1.2.12-GCCcore-11.3.0/lib/../lib64 -L/usr/ebuild/installs/software/ROOT/6.24.06-foss-2021b/lib/../lib64 -L/cm/shared/apps/slurm/current/lib64/../lib64 -L/usr/ebuild/installs/software/libiconv/1.17-GCCcore-11.3.0/lib/../lib64 -L/usr/ebuild/installs/software/LibTIFF/4.3.0-GCCcore-11.3.0/lib/../lib64 -L/usr/ebuild/installs/software/libdeflate/1.10-GCCcore-11.3.0/lib/../lib64 -L/usr/ebuild/installs/software/zstd/1.5.2-GCCcore-11.3.0/lib/../lib64 -L/usr/ebuild/installs/software/lz4/1.9.3-GCCcore-11.3.0/lib/../lib64 -L/usr/ebuild/installs/software/jbigkit/2.1-GCCcore-11.3.0/lib/../lib64 -L/usr/ebuild/installs/software/libjpeg-turbo/2.1.3-GCCcore-11.3.0/lib/../lib64 -L/usr/ebuild/installs/software/GL2PS/1.4.2-GCCcore-11.2.0/lib/../lib64 -L/usr/ebuild/installs/software/freeglut/3.2.1-GCCcore-11.2.0/lib/../lib64 -L/usr/ebuild/installs/software/libGLU/9.0.2-GCCcore-11.2.0/lib/../lib64 -L/usr/ebuild/installs/software/Mesa/21.1.7-GCCcore-11.2.0/lib/../lib64 -L/usr/ebuild/installs/software/LLVM/12.0.1-GCCcore-11.2.0/lib/../lib64 -L/usr/ebuild/installs/software/libunwind/1.5.0-GCCcore-11.2.0/lib/../lib64 -L/usr/ebuild/installs/software/libglvnd/1.3.3-GCCcore-11.2.0/lib/../lib64 -L/usr/ebuild/installs/software/libdrm/2.4.107-GCCcore-11.2.0/lib/../lib64 -L/usr/ebuild/installs/software/X11/20210802-GCCcore-11.2.0/lib/../lib64 -L/usr/ebuild/installs/software/fontconfig/2.13.94-GCCcore-11.2.0/lib/../lib64 -L/usr/ebuild/installs/software/util-linux/2.37-GCCcore-11.2.0/lib/../lib64 -L/usr/ebuild/installs/software/expat/2.4.1-GCCcore-11.2.0/lib/../lib64 -L/usr/ebuild/installs/software/SciPy-bundle/2021.10-foss-2021b/lib/../lib64 -L/usr/ebuild/installs/software/Python/3.9.6-GCCcore-11.2.0/lib/../lib64 -L/usr/ebuild/installs/software/libffi/3.4.2-GCCcore-11.2.0/lib64/../lib64 -L/usr/ebuild/installs/software/libffi/3.4.2-GCCcore-11.2.0/lib/../lib64 -L/usr/ebuild/installs/software/GMP/6.2.1-GCCcore-11.2.0/lib/../lib64 -L/usr/ebuild/installs/software/SQLite/3.36-GCCcore-11.2.0/lib/../lib64 -L/usr/ebuild/installs/software/Tcl/8.6.11-GCCcore-11.2.0/lib/../lib64 -L/usr/ebuild/installs/software/libreadline/8.1-GCCcore-11.2.0/lib/../lib64 -L/usr/ebuild/installs/software/ncurses/6.2-GCCcore-11.2.0/lib/../lib64 -L/usr/ebuild/installs/software/freetype/2.11.0-GCCcore-11.2.0/lib/../lib64 -L/usr/ebuild/installs/software/Brotli/1.0.9-GCCcore-11.2.0/lib/../lib64 -L/usr/ebuild/installs/software/CFITSIO/3.49-GCCcore-11.2.0/lib/../lib64 -L/usr/ebuild/installs/software/cURL/7.78.0-GCCcore-11.2.0/lib/../lib64 -L/usr/ebuild/installs/software/PCRE/8.45-GCCcore-11.2.0/lib/../lib64 -L/usr/ebuild/installs/software/bzip2/1.0.8-GCCcore-11.2.0/lib/../lib64 -L/usr/ebuild/installs/software/GSL/2.7-GCC-11.2.0/lib/../lib64 -L/usr/ebuild/installs/software/ScaLAPACK/2.1.0-gompi-2021b-fb/lib/../lib64 -L/usr/ebuild/installs/software/FFTW/3.3.10-gompi-2021b/lib/../lib64 -L/usr/ebuild/installs/software/FlexiBLAS/3.0.4-GCC-11.2.0/lib/../lib64 -L/usr/ebuild/installs/software/OpenBLAS/0.3.18-GCC-11.2.0/lib/../lib64 -L/usr/ebuild/installs/software/OpenMPI/4.1.1-GCC-11.2.0/lib/../lib64 -L/usr/ebuild/installs/software/PMIx/4.1.0-GCCcore-11.2.0/lib/../lib64 -L/usr/ebuild/installs/software/libfabric/1.13.2-GCCcore-11.2.0/lib/../lib64 -L/usr/ebuild/installs/software/UCX/1.11.2-GCCcore-11.2.0/lib/../lib64 -L/usr/ebuild/installs/software/libevent/2.1.12-GCCcore-11.2.0/lib/../lib64 -L/usr/ebuild/installs/software/OpenSSL/1.1/lib/../lib64 -L/usr/ebuild/installs/software/hwloc/2.5.0-GCCcore-11.2.0/lib/../lib64 -L/usr/ebuild/installs/software/libpciaccess/0.16-GCCcore-11.2.0/lib/../lib64 -L/usr/ebuild/installs/software/numactl/2.0.14-GCCcore-11.2.0/lib/../lib64 -L/usr/ebuild/installs/software/binutils/2.37-GCCcore-11.2.0/lib/../lib64 -L/usr/ebuild/software/emerald/software/GCCcore/11.3.0/bin/../lib/gcc/x86_64-pc-linux-gnu/11.3.0/../../../../lib64 -L/lib/../lib64 -L/usr/lib/../lib64 -L/usr/ebuild/installs/software/DCMTK/3.6.7-GCCcore-11.3.0/lib -L/usr/ebuild/installs/software/libxml2/2.9.13-GCCcore-11.3.0/lib -L/usr/ebuild/installs/software/XZ/5.2.5-GCCcore-11.3.0/lib -L/usr/ebuild/installs/software/libpng/1.6.37-GCCcore-11.3.0/lib -L/usr/ebuild/installs/software/zlib/1.2.12-GCCcore-11.3.0/lib -L/usr/ebuild/installs/software/ROOT/6.24.06-foss-2021b/lib -L/cm/shared/apps/slurm/current/lib64/slurm -L/cm/shared/apps/slurm/current/lib64 -L/usr/ebuild/installs/software/libiconv/1.17-GCCcore-11.3.0/lib -L/usr/ebuild/installs/software/LibTIFF/4.3.0-GCCcore-11.3.0/lib -L/usr/ebuild/installs/software/libdeflate/1.10-GCCcore-11.3.0/lib -L/usr/ebuild/installs/software/zstd/1.5.2-GCCcore-11.3.0/lib -L/usr/ebuild/installs/software/lz4/1.9.3-GCCcore-11.3.0/lib -L/usr/ebuild/installs/software/jbigkit/2.1-GCCcore-11.3.0/lib -L/usr/ebuild/installs/software/libjpeg-turbo/2.1.3-GCCcore-11.3.0/lib -L/usr/ebuild/installs/software/GL2PS/1.4.2-GCCcore-11.2.0/lib -L/usr/ebuild/installs/software/freeglut/3.2.1-GCCcore-11.2.0/lib -L/usr/ebuild/installs/software/libGLU/9.0.2-GCCcore-11.2.0/lib -L/usr/ebuild/installs/software/Mesa/21.1.7-GCCcore-11.2.0/lib -L/usr/ebuild/installs/software/LLVM/12.0.1-GCCcore-11.2.0/lib -L/usr/ebuild/installs/software/libunwind/1.5.0-GCCcore-11.2.0/lib -L/usr/ebuild/installs/software/libglvnd/1.3.3-GCCcore-11.2.0/lib -L/usr/ebuild/installs/software/libdrm/2.4.107-GCCcore-11.2.0/lib -L/usr/ebuild/installs/software/X11/20210802-GCCcore-11.2.0/lib -L/usr/ebuild/installs/software/fontconfig/2.13.94-GCCcore-11.2.0/lib -L/usr/ebuild/installs/software/util-linux/2.37-GCCcore-11.2.0/lib -L/usr/ebuild/installs/software/expat/2.4.1-GCCcore-11.2.0/lib -L/usr/ebuild/installs/software/SciPy-bundle/2021.10-foss-2021b/lib/python3.9/site-packages/numpy/core/lib -L/usr/ebuild/installs/software/SciPy-bundle/2021.10-foss-2021b/lib -L/usr/ebuild/installs/software/Python/3.9.6-GCCcore-11.2.0/lib -L/usr/ebuild/installs/software/libffi/3.4.2-GCCcore-11.2.0/lib64 -L/usr/ebuild/installs/software/libffi/3.4.2-GCCcore-11.2.0/lib -L/usr/ebuild/installs/software/GMP/6.2.1-GCCcore-11.2.0/lib -L/usr/ebuild/installs/software/SQLite/3.36-GCCcore-11.2.0/lib -L/usr/ebuild/installs/software/Tcl/8.6.11-GCCcore-11.2.0/lib -L/usr/ebuild/installs/software/libreadline/8.1-GCCcore-11.2.0/lib -L/usr/ebuild/installs/software/ncurses/6.2-GCCcore-11.2.0/lib -L/usr/ebuild/installs/software/freetype/2.11.0-GCCcore-11.2.0/lib -L/usr/ebuild/installs/software/Brotli/1.0.9-GCCcore-11.2.0/lib -L/usr/ebuild/installs/software/CFITSIO/3.49-GCCcore-11.2.0/lib -L/usr/ebuild/installs/software/cURL/7.78.0-GCCcore-11.2.0/lib -L/usr/ebuild/installs/software/PCRE/8.45-GCCcore-11.2.0/lib -L/usr/ebuild/installs/software/bzip2/1.0.8-GCCcore-11.2.0/lib -L/usr/ebuild/installs/software/GSL/2.7-GCC-11.2.0/lib -L/usr/ebuild/installs/software/ScaLAPACK/2.1.0-gompi-2021b-fb/lib -L/usr/ebuild/installs/software/FFTW/3.3.10-gompi-2021b/lib -L/usr/ebuild/installs/software/FlexiBLAS/3.0.4-GCC-11.2.0/lib -L/usr/ebuild/installs/software/OpenBLAS/0.3.18-GCC-11.2.0/lib -L/usr/ebuild/installs/software/OpenMPI/4.1.1-GCC-11.2.0/lib -L/usr/ebuild/installs/software/PMIx/4.1.0-GCCcore-11.2.0/lib -L/usr/ebuild/installs/software/libfabric/1.13.2-GCCcore-11.2.0/lib -L/usr/ebuild/installs/software/UCX/1.11.2-GCCcore-11.2.0/lib -L/usr/ebuild/installs/software/libevent/2.1.12-GCCcore-11.2.0/lib -L/usr/ebuild/installs/software/OpenSSL/1.1/lib -L/usr/ebuild/installs/software/hwloc/2.5.0-GCCcore-11.2.0/lib -L/usr/ebuild/installs/software/libpciaccess/0.16-GCCcore-11.2.0/lib -L/usr/ebuild/installs/software/numactl/2.0.14-GCCcore-11.2.0/lib -L/usr/ebuild/installs/software/binutils/2.37-GCCcore-11.2.0/lib -L/usr/ebuild/software/emerald/software/GCCcore/11.3.0/bin/../lib/gcc/x86_64-pc-linux-gnu/11.3.0/../../.. CMakeFiles/cmTC_0af2b.dir/CMakeCCompilerABI.c.o -lgcc --push-state --as-needed -lgcc_s --pop-state -lc -lgcc --push-state --as-needed -lgcc_s --pop-state /usr/ebuild/software/emerald/software/GCCcore/11.3.0/bin/../lib/gcc/x86_64-pc-linux-gnu/11.3.0/crtend.o /lib/../lib64/crtn.o
COLLECT_GCC_OPTIONS='-v' '-rdynamic' '-o' 'cmTC_0af2b' '-mtune=generic' '-march=x86-64' '-dumpdir' 'cmTC_0af2b.'
gmake[1]: Leaving directory '/umbc/rs/cybertrn/reu2025/team2/team2_PJMC/PJMC_READY/CMakeFiles/CMakeTmp'



Parsed C implicit include dir info from above output: rv=done
  found start of include info
  found start of implicit include info
    add: [/usr/ebuild/installs/software/DCMTK/3.6.7-GCCcore-11.3.0/include]
    add: [/usr/ebuild/installs/software/libxml2/2.9.13-GCCcore-11.3.0/include/libxml2]
    add: [/usr/ebuild/installs/software/libxml2/2.9.13-GCCcore-11.3.0/include]
    add: [/usr/ebuild/installs/software/XZ/5.2.5-GCCcore-11.3.0/include]
    add: [/usr/ebuild/installs/software/libpng/1.6.37-GCCcore-11.3.0/include]
    add: [/usr/ebuild/installs/software/zlib/1.2.12-GCCcore-11.3.0/include]
    add: [/usr/ebuild/installs/software/ROOT/6.24.06-foss-2021b/include]
    add: [/usr/ebuild/installs/software/libiconv/1.17-GCCcore-11.3.0/include]
    add: [/usr/ebuild/installs/software/LibTIFF/4.3.0-GCCcore-11.3.0/include]
    add: [/usr/ebuild/installs/software/libdeflate/1.10-GCCcore-11.3.0/include]
    add: [/usr/ebuild/installs/software/zstd/1.5.2-GCCcore-11.3.0/include]
    add: [/usr/ebuild/installs/software/lz4/1.9.3-GCCcore-11.3.0/include]
    add: [/usr/ebuild/installs/software/jbigkit/2.1-GCCcore-11.3.0/include]
    add: [/usr/ebuild/installs/software/libjpeg-turbo/2.1.3-GCCcore-11.3.0/include]
    add: [/usr/ebuild/installs/software/GL2PS/1.4.2-GCCcore-11.2.0/include]
    add: [/usr/ebuild/installs/software/freeglut/3.2.1-GCCcore-11.2.0/include]
    add: [/usr/ebuild/installs/software/libGLU/9.0.2-GCCcore-11.2.0/include]
    add: [/usr/ebuild/installs/software/Mesa/21.1.7-GCCcore-11.2.0/include]
    add: [/usr/ebuild/installs/software/LLVM/12.0.1-GCCcore-11.2.0/include]
    add: [/usr/ebuild/installs/software/libunwind/1.5.0-GCCcore-11.2.0/include]
    add: [/usr/ebuild/installs/software/libglvnd/1.3.3-GCCcore-11.2.0/include]
    add: [/usr/ebuild/installs/software/libdrm/2.4.107-GCCcore-11.2.0/include]
    add: [/usr/ebuild/installs/software/X11/20210802-GCCcore-11.2.0/include]
    add: [/usr/ebuild/installs/software/fontconfig/2.13.94-GCCcore-11.2.0/include]
    add: [/usr/ebuild/installs/software/util-linux/2.37-GCCcore-11.2.0/include]
    add: [/usr/ebuild/installs/software/expat/2.4.1-GCCcore-11.2.0/include]
    add: [/usr/ebuild/installs/software/SciPy-bundle/2021.10-foss-2021b/lib/python3.9/site-packages/numpy/core/include]
    add: [/usr/ebuild/installs/software/pybind11/2.7.1-GCCcore-11.2.0/include]
    add: [/usr/ebuild/installs/software/Python/3.9.6-GCCcore-11.2.0/include]
    add: [/usr/ebuild/installs/software/libffi/3.4.2-GCCcore-11.2.0/include]
    add: [/usr/ebuild/installs/software/GMP/6.2.1-GCCcore-11.2.0/include]
    add: [/usr/ebuild/installs/software/SQLite/3.36-GCCcore-11.2.0/include]
    add: [/usr/ebuild/installs/software/Tcl/8.6.11-GCCcore-11.2.0/include]
    add: [/usr/ebuild/installs/software/libreadline/8.1-GCCcore-11.2.0/include]
    add: [/usr/ebuild/installs/software/ncurses/6.2-GCCcore-11.2.0/include]
    add: [/usr/ebuild/installs/software/freetype/2.11.0-GCCcore-11.2.0/include/freetype2]
    add: [/usr/ebuild/installs/software/Brotli/1.0.9-GCCcore-11.2.0/include]
    add: [/usr/ebuild/installs/software/CFITSIO/3.49-GCCcore-11.2.0/include]
    add: [/usr/ebuild/installs/software/cURL/7.78.0-GCCcore-11.2.0/include]
    add: [/usr/ebuild/installs/software/PCRE/8.45-GCCcore-11.2.0/include]
    add: [/usr/ebuild/installs/software/bzip2/1.0.8-GCCcore-11.2.0/include]
    add: [/usr/ebuild/installs/software/GSL/2.7-GCC-11.2.0/include]
    add: [/usr/ebuild/installs/software/FFTW/3.3.10-gompi-2021b/include]
    add: [/usr/ebuild/installs/software/FlexiBLAS/3.0.4-GCC-11.2.0/include]
    add: [/usr/ebuild/installs/software/OpenBLAS/0.3.18-GCC-11.2.0/include]
    add: [/usr/ebuild/installs/software/OpenMPI/4.1.1-GCC-11.2.0/include]
    add: [/usr/ebuild/installs/software/PMIx/4.1.0-GCCcore-11.2.0/include]
    add: [/usr/ebuild/installs/software/libfabric/1.13.2-GCCcore-11.2.0/include]
    add: [/usr/ebuild/installs/software/UCX/1.11.2-GCCcore-11.2.0/include]
    add: [/usr/ebuild/installs/software/libevent/2.1.12-GCCcore-11.2.0/include]
    add: [/usr/ebuild/installs/software/OpenSSL/1.1/include]
    add: [/usr/ebuild/installs/software/hwloc/2.5.0-GCCcore-11.2.0/include]
    add: [/usr/ebuild/installs/software/libpciaccess/0.16-GCCcore-11.2.0/include]
    add: [/usr/ebuild/installs/software/numactl/2.0.14-GCCcore-11.2.0/include]
    add: [/usr/ebuild/installs/software/binutils/2.37-GCCcore-11.2.0/include]
    add: [/usr/ebuild/software/emerald/software/GCCcore/11.3.0/bin/../lib/gcc/x86_64-pc-linux-gnu/11.3.0/include]
    add: [/usr/ebuild/software/emerald/software/GCCcore/11.3.0/bin/../lib/gcc/x86_64-pc-linux-gnu/11.3.0/include-fixed]
    add: [/usr/ebuild/installs/software/GCCcore/11.3.0/include]
    add: [/usr/include]
  end of search list found
  collapse include dir [/usr/ebuild/installs/software/DCMTK/3.6.7-GCCcore-11.3.0/include] ==> [/usr/ebuild/installs/software/DCMTK/3.6.7-GCCcore-11.3.0/include]
  collapse include dir [/usr/ebuild/installs/software/libxml2/2.9.13-GCCcore-11.3.0/include/libxml2] ==> [/usr/ebuild/installs/software/libxml2/2.9.13-GCCcore-11.3.0/include/libxml2]
  collapse include dir [/usr/ebuild/installs/software/libxml2/2.9.13-GCCcore-11.3.0/include] ==> [/usr/ebuild/installs/software/libxml2/2.9.13-GCCcore-11.3.0/include]
  collapse include dir [/usr/ebuild/installs/software/XZ/5.2.5-GCCcore-11.3.0/include] ==> [/usr/ebuild/installs/software/XZ/5.2.5-GCCcore-11.3.0/include]
  collapse include dir [/usr/ebuild/installs/software/libpng/1.6.37-GCCcore-11.3.0/include] ==> [/usr/ebuild/installs/software/libpng/1.6.37-GCCcore-11.3.0/include]
  collapse include dir [/usr/ebuild/installs/software/zlib/1.2.12-GCCcore-11.3.0/include] ==> [/usr/ebuild/installs/software/zlib/1.2.12-GCCcore-11.3.0/include]
  collapse include dir [/usr/ebuild/installs/software/ROOT/6.24.06-foss-2021b/include] ==> [/usr/ebuild/installs/software/ROOT/6.24.06-foss-2021b/include]
  collapse include dir [/usr/ebuild/installs/software/libiconv/1.17-GCCcore-11.3.0/include] ==> [/usr/ebuild/installs/software/libiconv/1.17-GCCcore-11.3.0/include]
  collapse include dir [/usr/ebuild/installs/software/LibTIFF/4.3.0-GCCcore-11.3.0/include] ==> [/usr/ebuild/installs/software/LibTIFF/4.3.0-GCCcore-11.3.0/include]
  collapse include dir [/usr/ebuild/installs/software/libdeflate/1.10-GCCcore-11.3.0/include] ==> [/usr/ebuild/installs/software/libdeflate/1.10-GCCcore-11.3.0/include]
  collapse include dir [/usr/ebuild/installs/software/zstd/1.5.2-GCCcore-11.3.0/include] ==> [/usr/ebuild/installs/software/zstd/1.5.2-GCCcore-11.3.0/include]
  collapse include dir [/usr/ebuild/installs/software/lz4/1.9.3-GCCcore-11.3.0/include] ==> [/usr/ebuild/installs/software/lz4/1.9.3-GCCcore-11.3.0/include]
  collapse include dir [/usr/ebuild/installs/software/jbigkit/2.1-GCCcore-11.3.0/include] ==> [/usr/ebuild/installs/software/jbigkit/2.1-GCCcore-11.3.0/include]
  collapse include dir [/usr/ebuild/installs/software/libjpeg-turbo/2.1.3-GCCcore-11.3.0/include] ==> [/usr/ebuild/installs/software/libjpeg-turbo/2.1.3-GCCcore-11.3.0/include]
  collapse include dir [/usr/ebuild/installs/software/GL2PS/1.4.2-GCCcore-11.2.0/include] ==> [/usr/ebuild/installs/software/GL2PS/1.4.2-GCCcore-11.2.0/include]
  collapse include dir [/usr/ebuild/installs/software/freeglut/3.2.1-GCCcore-11.2.0/include] ==> [/usr/ebuild/installs/software/freeglut/3.2.1-GCCcore-11.2.0/include]
  collapse include dir [/usr/ebuild/installs/software/libGLU/9.0.2-GCCcore-11.2.0/include] ==> [/usr/ebuild/installs/software/libGLU/9.0.2-GCCcore-11.2.0/include]
  collapse include dir [/usr/ebuild/installs/software/Mesa/21.1.7-GCCcore-11.2.0/include] ==> [/usr/ebuild/installs/software/Mesa/21.1.7-GCCcore-11.2.0/include]
  collapse include dir [/usr/ebuild/installs/software/LLVM/12.0.1-GCCcore-11.2.0/include] ==> [/usr/ebuild/installs/software/LLVM/12.0.1-GCCcore-11.2.0/include]
  collapse include dir [/usr/ebuild/installs/software/libunwind/1.5.0-GCCcore-11.2.0/include] ==> [/usr/ebuild/installs/software/libunwind/1.5.0-GCCcore-11.2.0/include]
  collapse include dir [/usr/ebuild/installs/software/libglvnd/1.3.3-GCCcore-11.2.0/include] ==> [/usr/ebuild/installs/software/libglvnd/1.3.3-GCCcore-11.2.0/include]
  collapse include dir [/usr/ebuild/installs/software/libdrm/2.4.107-GCCcore-11.2.0/include] ==> [/usr/ebuild/installs/software/libdrm/2.4.107-GCCcore-11.2.0/include]
  collapse include dir [/usr/ebuild/installs/software/X11/20210802-GCCcore-11.2.0/include] ==> [/usr/ebuild/installs/software/X11/20210802-GCCcore-11.2.0/include]
  collapse include dir [/usr/ebuild/installs/software/fontconfig/2.13.94-GCCcore-11.2.0/include] ==> [/usr/ebuild/installs/software/fontconfig/2.13.94-GCCcore-11.2.0/include]
  collapse include dir [/usr/ebuild/installs/software/util-linux/2.37-GCCcore-11.2.0/include] ==> [/usr/ebuild/installs/software/util-linux/2.37-GCCcore-11.2.0/include]
  collapse include dir [/usr/ebuild/installs/software/expat/2.4.1-GCCcore-11.2.0/include] ==> [/usr/ebuild/installs/software/expat/2.4.1-GCCcore-11.2.0/include]
  collapse include dir [/usr/ebuild/installs/software/SciPy-bundle/2021.10-foss-2021b/lib/python3.9/site-packages/numpy/core/include] ==> [/usr/ebuild/installs/software/SciPy-bundle/2021.10-foss-2021b/lib/python3.9/site-packages/numpy/core/include]
  collapse include dir [/usr/ebuild/installs/software/pybind11/2.7.1-GCCcore-11.2.0/include] ==> [/usr/ebuild/installs/software/pybind11/2.7.1-GCCcore-11.2.0/include]
  collapse include dir [/usr/ebuild/installs/software/Python/3.9.6-GCCcore-11.2.0/include] ==> [/usr/ebuild/installs/software/Python/3.9.6-GCCcore-11.2.0/include]
  collapse include dir [/usr/ebuild/installs/software/libffi/3.4.2-GCCcore-11.2.0/include] ==> [/usr/ebuild/installs/software/libffi/3.4.2-GCCcore-11.2.0/include]
  collapse include dir [/usr/ebuild/installs/software/GMP/6.2.1-GCCcore-11.2.0/include] ==> [/usr/ebuild/installs/software/GMP/6.2.1-GCCcore-11.2.0/include]
  collapse include dir [/usr/ebuild/installs/software/SQLite/3.36-GCCcore-11.2.0/include] ==> [/usr/ebuild/installs/software/SQLite/3.36-GCCcore-11.2.0/include]
  collapse include dir [/usr/ebuild/installs/software/Tcl/8.6.11-GCCcore-11.2.0/include] ==> [/usr/ebuild/installs/software/Tcl/8.6.11-GCCcore-11.2.0/include]
  collapse include dir [/usr/ebuild/installs/software/libreadline/8.1-GCCcore-11.2.0/include] ==> [/usr/ebuild/installs/software/libreadline/8.1-GCCcore-11.2.0/include]
  collapse include dir [/usr/ebuild/installs/software/ncurses/6.2-GCCcore-11.2.0/include] ==> [/usr/ebuild/installs/software/ncurses/6.2-GCCcore-11.2.0/include]
  collapse include dir [/usr/ebuild/installs/software/freetype/2.11.0-GCCcore-11.2.0/include/freetype2] ==> [/usr/ebuild/installs/software/freetype/2.11.0-GCCcore-11.2.0/include/freetype2]
  collapse include dir [/usr/ebuild/installs/software/Brotli/1.0.9-GCCcore-11.2.0/include] ==> [/usr/ebuild/installs/software/Brotli/1.0.9-GCCcore-11.2.0/include]
  collapse include dir [/usr/ebuild/installs/software/CFITSIO/3.49-GCCcore-11.2.0/include] ==> [/usr/ebuild/installs/software/CFITSIO/3.49-GCCcore-11.2.0/include]
  collapse include dir [/usr/ebuild/installs/software/cURL/7.78.0-GCCcore-11.2.0/include] ==> [/usr/ebuild/installs/software/cURL/7.78.0-GCCcore-11.2.0/include]
  collapse include dir [/usr/ebuild/installs/software/PCRE/8.45-GCCcore-11.2.0/include] ==> [/usr/ebuild/installs/software/PCRE/8.45-GCCcore-11.2.0/include]
  collapse include dir [/usr/ebuild/installs/software/bzip2/1.0.8-GCCcore-11.2.0/include] ==> [/usr/ebuild/installs/software/bzip2/1.0.8-GCCcore-11.2.0/include]
  collapse include dir [/usr/ebuild/installs/software/GSL/2.7-GCC-11.2.0/include] ==> [/usr/ebuild/installs/software/GSL/2.7-GCC-11.2.0/include]
  collapse include dir [/usr/ebuild/installs/software/FFTW/3.3.10-gompi-2021b/include] ==> [/usr/ebuild/installs/software/FFTW/3.3.10-gompi-2021b/include]
  collapse include dir [/usr/ebuild/installs/software/FlexiBLAS/3.0.4-GCC-11.2.0/include] ==> [/usr/ebuild/installs/software/FlexiBLAS/3.0.4-GCC-11.2.0/include]
  collapse include dir [/usr/ebuild/installs/software/OpenBLAS/0.3.18-GCC-11.2.0/include] ==> [/usr/ebuild/installs/software/OpenBLAS/0.3.18-GCC-11.2.0/include]
  collapse include dir [/usr/ebuild/installs/software/OpenMPI/4.1.1-GCC-11.2.0/include] ==> [/usr/ebuild/installs/software/OpenMPI/4.1.1-GCC-11.2.0/include]
  collapse include dir [/usr/ebuild/installs/software/PMIx/4.1.0-GCCcore-11.2.0/include] ==> [/usr/ebuild/installs/software/PMIx/4.1.0-GCCcore-11.2.0/include]
  collapse include dir [/usr/ebuild/installs/software/libfabric/1.13.2-GCCcore-11.2.0/include] ==> [/usr/ebuild/installs/software/libfabric/1.13.2-GCCcore-11.2.0/include]
  collapse include dir [/usr/ebuild/installs/software/UCX/1.11.2-GCCcore-11.2.0/include] ==> [/usr/ebuild/installs/software/UCX/1.11.2-GCCcore-11.2.0/include]
  collapse include dir [/usr/ebuild/installs/software/libevent/2.1.12-GCCcore-11.2.0/include] ==> [/usr/ebuild/installs/software/libevent/2.1.12-GCCcore-11.2.0/include]
  collapse include dir [/usr/ebuild/installs/software/OpenSSL/1.1/include] ==> [/usr/ebuild/installs/software/OpenSSL/1.1/include]
  collapse include dir [/usr/ebuild/installs/software/hwloc/2.5.0-GCCcore-11.2.0/include] ==> [/usr/ebuild/installs/software/hwloc/2.5.0-GCCcore-11.2.0/include]
  collapse include dir [/usr/ebuild/installs/software/libpciaccess/0.16-GCCcore-11.2.0/include] ==> [/usr/ebuild/installs/software/libpciaccess/0.16-GCCcore-11.2.0/include]
  collapse include dir [/usr/ebuild/installs/software/numactl/2.0.14-GCCcore-11.2.0/include] ==> [/usr/ebuild/installs/software/numactl/2.0.14-GCCcore-11.2.0/include]
  collapse include dir [/usr/ebuild/installs/software/binutils/2.37-GCCcore-11.2.0/include] ==> [/usr/ebuild/installs/software/binutils/2.37-GCCcore-11.2.0/include]
  collapse include dir [/usr/ebuild/software/emerald/software/GCCcore/11.3.0/bin/../lib/gcc/x86_64-pc-linux-gnu/11.3.0/include] ==> [/usr/ebuild/software/emerald/software/GCCcore/11.3.0/lib/gcc/x86_64-pc-linux-gnu/11.3.0/include]
  collapse include dir [/usr/ebuild/software/emerald/software/GCCcore/11.3.0/bin/../lib/gcc/x86_64-pc-linux-gnu/11.3.0/include-fixed] ==> [/usr/ebuild/software/emerald/software/GCCcore/11.3.0/lib/gcc/x86_64-pc-linux-gnu/11.3.0/include-fixed]
  collapse include dir [/usr/ebuild/installs/software/GCCcore/11.3.0/include] ==> [/usr/ebuild/installs/software/GCCcore/11.3.0/include]
  collapse include dir [/usr/include] ==> [/usr/include]
  implicit include dirs: [/usr/ebuild/installs/software/DCMTK/3.6.7-GCCcore-11.3.0/include;/usr/ebuild/installs/software/libxml2/2.9.13-GCCcore-11.3.0/include/libxml2;/usr/ebuild/installs/software/libxml2/2.9.13-GCCcore-11.3.0/include;/usr/ebuild/installs/software/XZ/5.2.5-GCCcore-11.3.0/include;/usr/ebuild/installs/software/libpng/1.6.37-GCCcore-11.3.0/include;/usr/ebuild/installs/software/zlib/1.2.12-GCCcore-11.3.0/include;/usr/ebuild/installs/software/ROOT/6.24.06-foss-2021b/include;/usr/ebuild/installs/software/libiconv/1.17-GCCcore-11.3.0/include;/usr/ebuild/installs/software/LibTIFF/4.3.0-GCCcore-11.3.0/include;/usr/ebuild/installs/software/libdeflate/1.10-GCCcore-11.3.0/include;/usr/ebuild/installs/software/zstd/1.5.2-GCCcore-11.3.0/include;/usr/ebuild/installs/software/lz4/1.9.3-GCCcore-11.3.0/include;/usr/ebuild/installs/software/jbigkit/2.1-GCCcore-11.3.0/include;/usr/ebuild/installs/software/libjpeg-turbo/2.1.3-GCCcore-11.3.0/include;/usr/ebuild/installs/software/GL2PS/1.4.2-GCCcore-11.2.0/include;/usr/ebuild/installs/software/freeglut/3.2.1-GCCcore-11.2.0/include;/usr/ebuild/installs/software/libGLU/9.0.2-GCCcore-11.2.0/include;/usr/ebuild/installs/software/Mesa/21.1.7-GCCcore-11.2.0/include;/usr/ebuild/installs/software/LLVM/12.0.1-GCCcore-11.2.0/include;/usr/ebuild/installs/software/libunwind/1.5.0-GCCcore-11.2.0/include;/usr/ebuild/installs/software/libglvnd/1.3.3-GCCcore-11.2.0/include;/usr/ebuild/installs/software/libdrm/2.4.107-GCCcore-11.2.0/include;/usr/ebuild/installs/software/X11/20210802-GCCcore-11.2.0/include;/usr/ebuild/installs/software/fontconfig/2.13.94-GCCcore-11.2.0/include;/usr/ebuild/installs/software/util-linux/2.37-GCCcore-11.2.0/include;/usr/ebuild/installs/software/expat/2.4.1-GCCcore-11.2.0/include;/usr/ebuild/installs/software/SciPy-bundle/2021.10-foss-2021b/lib/python3.9/site-packages/numpy/core/include;/usr/ebuild/installs/software/pybind11/2.7.1-GCCcore-11.2.0/include;/usr/ebuild/installs/software/Python/3.9.6-GCCcore-11.2.0/include;/usr/ebuild/installs/software/libffi/3.4.2-GCCcore-11.2.0/include;/usr/ebuild/installs/software/GMP/6.2.1-GCCcore-11.2.0/include;/usr/ebuild/installs/software/SQLite/3.36-GCCcore-11.2.0/include;/usr/ebuild/installs/software/Tcl/8.6.11-GCCcore-11.2.0/include;/usr/ebuild/installs/software/libreadline/8.1-GCCcore-11.2.0/include;/usr/ebuild/installs/software/ncurses/6.2-GCCcore-11.2.0/include;/usr/ebuild/installs/software/freetype/2.11.0-GCCcore-11.2.0/include/freetype2;/usr/ebuild/installs/software/Brotli/1.0.9-GCCcore-11.2.0/include;/usr/ebuild/installs/software/CFITSIO/3.49-GCCcore-11.2.0/include;/usr/ebuild/installs/software/cURL/7.78.0-GCCcore-11.2.0/include;/usr/ebuild/installs/software/PCRE/8.45-GCCcore-11.2.0/include;/usr/ebuild/installs/software/bzip2/1.0.8-GCCcore-11.2.0/include;/usr/ebuild/installs/software/GSL/2.7-GCC-11.2.0/include;/usr/ebuild/installs/software/FFTW/3.3.10-gompi-2021b/include;/usr/ebuild/installs/software/FlexiBLAS/3.0.4-GCC-11.2.0/include;/usr/ebuild/installs/software/OpenBLAS/0.3.18-GCC-11.2.0/include;/usr/ebuild/installs/software/OpenMPI/4.1.1-GCC-11.2.0/include;/usr/ebuild/installs/software/PMIx/4.1.0-GCCcore-11.2.0/include;/usr/ebuild/installs/software/libfabric/1.13.2-GCCcore-11.2.0/include;/usr/ebuild/installs/software/UCX/1.11.2-GCCcore-11.2.0/include;/usr/ebuild/installs/software/libevent/2.1.12-GCCcore-11.2.0/include;/usr/ebuild/installs/software/OpenSSL/1.1/include;/usr/ebuild/installs/software/hwloc/2.5.0-GCCcore-11.2.0/include;/usr/ebuild/installs/software/libpciaccess/0.16-GCCcore-11.2.0/include;/usr/ebuild/installs/software/numactl/2.0.14-GCCcore-11.2.0/include;/usr/ebuild/installs/software/binutils/2.37-GCCcore-11.2.0/include;/usr/ebuild/software/emerald/software/GCCcore/11.3.0/lib/gcc/x86_64-pc-linux-gnu/11.3.0/include;/usr/ebuild/software/emerald/software/GCCcore/11.3.0/lib/gcc/x86_64-pc-linux-gnu/11.3.0/include-fixed;/usr/ebuild/installs/software/GCCcore/11.3.0/include;/usr/include]


Parsed C implicit link information from above output:
  link line regex: [^( *|.*[/\])(ld|CMAKE_LINK_STARTFILE-NOTFOUND|([^/\]+-)?ld|collect2)[^/\]*( |$)]
  ignore line: [Change Dir: /home/hs50610/team2/team2_PJMC/PJMC_READY/CMakeFiles/CMakeTmp]
  ignore line: []
  ignore line: [Run Build Command(s):/usr/bin/gmake cmTC_0af2b/fast && /usr/bin/gmake -f CMakeFiles/cmTC_0af2b.dir/build.make CMakeFiles/cmTC_0af2b.dir/build]
  ignore line: [gmake[1]: Entering directory '/umbc/rs/cybertrn/reu2025/team2/team2_PJMC/PJMC_READY/CMakeFiles/CMakeTmp']
  ignore line: [Building C object CMakeFiles/cmTC_0af2b.dir/CMakeCCompilerABI.c.o]
  ignore line: [/usr/ebuild/installs/software/GCCcore/11.3.0/bin/cc   -v -o CMakeFiles/cmTC_0af2b.dir/CMakeCCompilerABI.c.o   -c /cm/shared/apps/CMake/3.17.0/share/cmake-3.17/Modules/CMakeCCompilerABI.c]
  ignore line: [Using built-in specs.]
  ignore line: [COLLECT_GCC=/usr/ebuild/installs/software/GCCcore/11.3.0/bin/cc]
  ignore line: [OFFLOAD_TARGET_NAMES=nvptx-none]
  ignore line: [Target: x86_64-pc-linux-gnu]
  ignore line: [Configured with: ../configure --enable-languages=c,c++,fortran --without-cuda-driver --enable-offload-targets=nvptx-none --enable-lto --enable-checking=release --disable-multilib --enable-shared=yes --enable-static=yes --enable-threads=posix --enable-plugins --enable-gold --enable-ld=default --prefix=/usr/ebuild/installs/software/GCCcore/11.3.0 --with-local-prefix=/usr/ebuild/installs/software/GCCcore/11.3.0 --enable-bootstrap --with-isl=/scratch/ebuild/GCCcore/11.3.0/system-system/gcc-11.3.0/stage2_stuff --build=x86_64-pc-linux-gnu --host=x86_64-pc-linux-gnu]
  ignore line: [Thread model: posix]
  ignore line: [Supported LTO compression algorithms: zlib zstd]
  ignore line: [gcc version 11.3.0 (GCC) ]
  ignore line: [COLLECT_GCC_OPTIONS='-v' '-o' 'CMakeFiles/cmTC_0af2b.dir/CMakeCCompilerABI.c.o' '-c' '-mtune=generic' '-march=x86-64' '-dumpdir' 'CMakeFiles/cmTC_0af2b.dir/']
  ignore line: [ /usr/ebuild/software/emerald/software/GCCcore/11.3.0/bin/../libexec/gcc/x86_64-pc-linux-gnu/11.3.0/cc1 -quiet -v -iprefix /usr/ebuild/software/emerald/software/GCCcore/11.3.0/bin/../lib/gcc/x86_64-pc-linux-gnu/11.3.0/ /cm/shared/apps/CMake/3.17.0/share/cmake-3.17/Modules/CMakeCCompilerABI.c -quiet -dumpdir CMakeFiles/cmTC_0af2b.dir/ -dumpbase CMakeCCompilerABI.c.c -dumpbase-ext .c -mtune=generic -march=x86-64 -version -o /tmp/ccFT1OAi.s]
  ignore line: [GNU C17 (GCC) version 11.3.0 (x86_64-pc-linux-gnu)]
  ignore line: [	compiled by GNU C version 11.3.0  GMP version 6.2.1  MPFR version 4.1.0  MPC version 1.2.1  isl version isl-0.24-GMP]
  ignore line: []
  ignore line: [GGC heuristics: --param ggc-min-expand=100 --param ggc-min-heapsize=131072]
  ignore line: [ignoring nonexistent directory "/usr/ebuild/software/emerald/software/GCCcore/11.3.0/bin/../lib/gcc/x86_64-pc-linux-gnu/11.3.0/../../../../x86_64-pc-linux-gnu/include"]
  ignore line: [ignoring duplicate directory "/usr/ebuild/software/emerald/software/GCCcore/11.3.0/bin/../lib/gcc/../../lib/gcc/x86_64-pc-linux-gnu/11.3.0/include"]
  ignore line: [ignoring duplicate directory "/usr/ebuild/software/emerald/software/GCCcore/11.3.0/bin/../lib/gcc/../../lib/gcc/x86_64-pc-linux-gnu/11.3.0/include-fixed"]
  ignore line: [ignoring nonexistent directory "/usr/ebuild/software/emerald/software/GCCcore/11.3.0/bin/../lib/gcc/../../lib/gcc/x86_64-pc-linux-gnu/11.3.0/../../../../x86_64-pc-linux-gnu/include"]
  ignore line: [ignoring nonexistent directory "/cm/shared/apps/slurm/current/include"]
  ignore line: [#include "..." search starts here:]
  ignore line: [#include <...> search starts here:]
  ignore line: [ /usr/ebuild/installs/software/DCMTK/3.6.7-GCCcore-11.3.0/include]
  ignore line: [ /usr/ebuild/installs/software/libxml2/2.9.13-GCCcore-11.3.0/include/libxml2]
  ignore line: [ /usr/ebuild/installs/software/libxml2/2.9.13-GCCcore-11.3.0/include]
  ignore line: [ /usr/ebuild/installs/software/XZ/5.2.5-GCCcore-11.3.0/include]
  ignore line: [ /usr/ebuild/installs/software/libpng/1.6.37-GCCcore-11.3.0/include]
  ignore line: [ /usr/ebuild/installs/software/zlib/1.2.12-GCCcore-11.3.0/include]
  ignore line: [ /usr/ebuild/installs/software/ROOT/6.24.06-foss-2021b/include]
  ignore line: [ /usr/ebuild/installs/software/libiconv/1.17-GCCcore-11.3.0/include]
  ignore line: [ /usr/ebuild/installs/software/LibTIFF/4.3.0-GCCcore-11.3.0/include]
  ignore line: [ /usr/ebuild/installs/software/libdeflate/1.10-GCCcore-11.3.0/include]
  ignore line: [ /usr/ebuild/installs/software/zstd/1.5.2-GCCcore-11.3.0/include]
  ignore line: [ /usr/ebuild/installs/software/lz4/1.9.3-GCCcore-11.3.0/include]
  ignore line: [ /usr/ebuild/installs/software/jbigkit/2.1-GCCcore-11.3.0/include]
  ignore line: [ /usr/ebuild/installs/software/libjpeg-turbo/2.1.3-GCCcore-11.3.0/include]
  ignore line: [ /usr/ebuild/installs/software/GL2PS/1.4.2-GCCcore-11.2.0/include]
  ignore line: [ /usr/ebuild/installs/software/freeglut/3.2.1-GCCcore-11.2.0/include]
  ignore line: [ /usr/ebuild/installs/software/libGLU/9.0.2-GCCcore-11.2.0/include]
  ignore line: [ /usr/ebuild/installs/software/Mesa/21.1.7-GCCcore-11.2.0/include]
  ignore line: [ /usr/ebuild/installs/software/LLVM/12.0.1-GCCcore-11.2.0/include]
  ignore line: [ /usr/ebuild/installs/software/libunwind/1.5.0-GCCcore-11.2.0/include]
  ignore line: [ /usr/ebuild/installs/software/libglvnd/1.3.3-GCCcore-11.2.0/include]
  ignore line: [ /usr/ebuild/installs/software/libdrm/2.4.107-GCCcore-11.2.0/include]
  ignore line: [ /usr/ebuild/installs/software/X11/20210802-GCCcore-11.2.0/include]
  ignore line: [ /usr/ebuild/installs/software/fontconfig/2.13.94-GCCcore-11.2.0/include]
  ignore line: [ /usr/ebuild/installs/software/util-linux/2.37-GCCcore-11.2.0/include]
  ignore line: [ /usr/ebuild/installs/software/expat/2.4.1-GCCcore-11.2.0/include]
  ignore line: [ /usr/ebuild/installs/software/SciPy-bundle/2021.10-foss-2021b/lib/python3.9/site-packages/numpy/core/include]
  ignore line: [ /usr/ebuild/installs/software/pybind11/2.7.1-GCCcore-11.2.0/include]
  ignore line: [ /usr/ebuild/installs/software/Python/3.9.6-GCCcore-11.2.0/include]
  ignore line: [ /usr/ebuild/installs/software/libffi/3.4.2-GCCcore-11.2.0/include]
  ignore line: [ /usr/ebuild/installs/software/GMP/6.2.1-GCCcore-11.2.0/include]
  ignore line: [ /usr/ebuild/installs/software/SQLite/3.36-GCCcore-11.2.0/include]
  ignore line: [ /usr/ebuild/installs/software/Tcl/8.6.11-GCCcore-11.2.0/include]
  ignore line: [ /usr/ebuild/installs/software/libreadline/8.1-GCCcore-11.2.0/include]
  ignore line: [ /usr/ebuild/installs/software/ncurses/6.2-GCCcore-11.2.0/include]
  ignore line: [ /usr/ebuild/installs/software/freetype/2.11.0-GCCcore-11.2.0/include/freetype2]
  ignore line: [ /usr/ebuild/installs/software/Brotli/1.0.9-GCCcore-11.2.0/include]
  ignore line: [ /usr/ebuild/installs/software/CFITSIO/3.49-GCCcore-11.2.0/include]
  ignore line: [ /usr/ebuild/installs/software/cURL/7.78.0-GCCcore-11.2.0/include]
  ignore line: [ /usr/ebuild/installs/software/PCRE/8.45-GCCcore-11.2.0/include]
  ignore line: [ /usr/ebuild/installs/software/bzip2/1.0.8-GCCcore-11.2.0/include]
  ignore line: [ /usr/ebuild/installs/software/GSL/2.7-GCC-11.2.0/include]
  ignore line: [ /usr/ebuild/installs/software/FFTW/3.3.10-gompi-2021b/include]
  ignore line: [ /usr/ebuild/installs/software/FlexiBLAS/3.0.4-GCC-11.2.0/include]
  ignore line: [ /usr/ebuild/installs/software/OpenBLAS/0.3.18-GCC-11.2.0/include]
  ignore line: [ /usr/ebuild/installs/software/OpenMPI/4.1.1-GCC-11.2.0/include]
  ignore line: [ /usr/ebuild/installs/software/PMIx/4.1.0-GCCcore-11.2.0/include]
  ignore line: [ /usr/ebuild/installs/software/libfabric/1.13.2-GCCcore-11.2.0/include]
  ignore line: [ /usr/ebuild/installs/software/UCX/1.11.2-GCCcore-11.2.0/include]
  ignore line: [ /usr/ebuild/installs/software/libevent/2.1.12-GCCcore-11.2.0/include]
  ignore line: [ /usr/ebuild/installs/software/OpenSSL/1.1/include]
  ignore line: [ /usr/ebuild/installs/software/hwloc/2.5.0-GCCcore-11.2.0/include]
  ignore line: [ /usr/ebuild/installs/software/libpciaccess/0.16-GCCcore-11.2.0/include]
  ignore line: [ /usr/ebuild/installs/software/numactl/2.0.14-GCCcore-11.2.0/include]
  ignore line: [ /usr/ebuild/installs/software/binutils/2.37-GCCcore-11.2.0/include]
  ignore line: [ /usr/ebuild/software/emerald/software/GCCcore/11.3.0/bin/../lib/gcc/x86_64-pc-linux-gnu/11.3.0/include]
  ignore line: [ /usr/ebuild/software/emerald/software/GCCcore/11.3.0/bin/../lib/gcc/x86_64-pc-linux-gnu/11.3.0/include-fixed]
  ignore line: [ /usr/ebuild/installs/software/GCCcore/11.3.0/include]
  ignore line: [ /usr/include]
  ignore line: [End of search list.]
  ignore line: [GNU C17 (GCC) version 11.3.0 (x86_64-pc-linux-gnu)]
  ignore line: [	compiled by GNU C version 11.3.0  GMP version 6.2.1  MPFR version 4.1.0  MPC version 1.2.1  isl version isl-0.24-GMP]
  ignore line: []
  ignore line: [GGC heuristics: --param ggc-min-expand=100 --param ggc-min-heapsize=131072]
  ignore line: [Compiler executable checksum: 4a248c81b289dc39cb9f9c04b11ea634]
  ignore line: [COLLECT_GCC_OPTIONS='-v' '-o' 'CMakeFiles/cmTC_0af2b.dir/CMakeCCompilerABI.c.o' '-c' '-mtune=generic' '-march=x86-64' '-dumpdir' 'CMakeFiles/cmTC_0af2b.dir/']
  ignore line: [ as -v --64 -o CMakeFiles/cmTC_0af2b.dir/CMakeCCompilerABI.c.o /tmp/ccFT1OAi.s]
  ignore line: [GNU assembler version 2.37 (x86_64-pc-linux-gnu) using BFD version (GNU Binutils) 2.37]
  ignore line: [COMPILER_PATH=/usr/ebuild/software/emerald/software/GCCcore/11.3.0/bin/../libexec/gcc/x86_64-pc-linux-gnu/11.3.0/:/usr/ebuild/software/emerald/software/GCCcore/11.3.0/bin/../libexec/gcc/]
  ignore line: [LIBRARY_PATH=/usr/ebuild/software/emerald/software/GCCcore/11.3.0/bin/../lib/gcc/x86_64-pc-linux-gnu/11.3.0/:/usr/ebuild/software/emerald/software/GCCcore/11.3.0/bin/../lib/gcc/:/usr/ebuild/installs/software/DCMTK/3.6.7-GCCcore-11.3.0/lib/../lib64/:/usr/ebuild/installs/software/libxml2/2.9.13-GCCcore-11.3.0/lib/../lib64/:/usr/ebuild/installs/software/XZ/5.2.5-GCCcore-11.3.0/lib/../lib64/:/usr/ebuild/installs/software/libpng/1.6.37-GCCcore-11.3.0/lib/../lib64/:/usr/ebuild/installs/software/zlib/1.2.12-GCCcore-11.3.0/lib/../lib64/:/usr/ebuild/installs/software/ROOT/6.24.06-foss-2021b/lib/../lib64/:/cm/shared/apps/slurm/current/lib64/../lib64/:/usr/ebuild/installs/software/libiconv/1.17-GCCcore-11.3.0/lib/../lib64/:/usr/ebuild/installs/software/LibTIFF/4.3.0-GCCcore-11.3.0/lib/../lib64/:/usr/ebuild/installs/software/libdeflate/1.10-GCCcore-11.3.0/lib/../lib64/:/usr/ebuild/installs/software/zstd/1.5.2-GCCcore-11.3.0/lib/../lib64/:/usr/ebuild/installs/software/lz4/1.9.3-GCCcore-11.3.0/lib/../lib64/:/usr/ebuild/installs/software/jbigkit/2.1-GCCcore-11.3.0/lib/../lib64/:/usr/ebuild/installs/software/libjpeg-turbo/2.1.3-GCCcore-11.3.0/lib/../lib64/:/usr/ebuild/installs/software/GL2PS/1.4.2-GCCcore-11.2.0/lib/../lib64/:/usr/ebuild/installs/software/freeglut/3.2.1-GCCcore-11.2.0/lib/../lib64/:/usr/ebuild/installs/software/libGLU/9.0.2-GCCcore-11.2.0/lib/../lib64/:/usr/ebuild/installs/software/Mesa/21.1.7-GCCcore-11.2.0/lib/../lib64/:/usr/ebuild/installs/software/LLVM/12.0.1-GCCcore-11.2.0/lib/../lib64/:/usr/ebuild/installs/software/libunwind/1.5.0-GCCcore-11.2.0/lib/../lib64/:/usr/ebuild/installs/software/libglvnd/1.3.3-GCCcore-11.2.0/lib/../lib64/:/usr/ebuild/installs/software/libdrm/2.4.107-GCCcore-11.2.0/lib/../lib64/:/usr/ebuild/installs/software/X11/20210802-GCCcore-11.2.0/lib/../lib64/:/usr/ebuild/installs/software/fontconfig/2.13.94-GCCcore-11.2.0/lib/../lib64/:/usr/ebuild/installs/software/util-linux/2.37-GCCcore-11.2.0/lib/../lib64/:/usr/ebuild/installs/software/expat/2.4.1-GCCcore-11.2.0/lib/../lib64/:/usr/ebuild/installs/software/SciPy-bundle/2021.10-foss-2021b/lib/../lib64/:/usr/ebuild/installs/software/Python/3.9.6-GCCcore-11.2.0/lib/../lib64/:/usr/ebuild/installs/software/libffi/3.4.2-GCCcore-11.2.0/lib64/../lib64/:/usr/ebuild/installs/software/libffi/3.4.2-GCCcore-11.2.0/lib/../lib64/:/usr/ebuild/installs/software/GMP/6.2.1-GCCcore-11.2.0/lib/../lib64/:/usr/ebuild/installs/software/SQLite/3.36-GCCcore-11.2.0/lib/../lib64/:/usr/ebuild/installs/software/Tcl/8.6.11-GCCcore-11.2.0/lib/../lib64/:/usr/ebuild/installs/software/libreadline/8.1-GCCcore-11.2.0/lib/../lib64/:/usr/ebuild/installs/software/ncurses/6.2-GCCcore-11.2.0/lib/../lib64/:/usr/ebuild/installs/software/freetype/2.11.0-GCCcore-11.2.0/lib/../lib64/:/usr/ebuild/installs/software/Brotli/1.0.9-GCCcore-11.2.0/lib/../lib64/:/usr/ebuild/installs/software/CFITSIO/3.49-GCCcore-11.2.0/lib/../lib64/:/usr/ebuild/installs/software/cURL/7.78.0-GCCcore-11.2.0/lib/../lib64/:/usr/ebuild/installs/software/PCRE/8.45-GCCcore-11.2.0/lib/../lib64/:/usr/ebuild/installs/software/bzip2/1.0.8-GCCcore-11.2.0/lib/../lib64/:/usr/ebuild/installs/software/GSL/2.7-GCC-11.2.0/lib/../lib64/:/usr/ebuild/installs/software/ScaLAPACK/2.1.0-gompi-2021b-fb/lib/../lib64/:/usr/ebuild/installs/software/FFTW/3.3.10-gompi-2021b/lib/../lib64/:/usr/ebuild/installs/software/FlexiBLAS/3.0.4-GCC-11.2.0/lib/../lib64/:/usr/ebuild/installs/software/OpenBLAS/0.3.18-GCC-11.2.0/lib/../lib64/:/usr/ebuild/installs/software/OpenMPI/4.1.1-GCC-11.2.0/lib/../lib64/:/usr/ebuild/installs/software/PMIx/4.1.0-GCCcore-11.2.0/lib/../lib64/:/usr/ebuild/installs/software/libfabric/1.13.2-GCCcore-11.2.0/lib/../lib64/:/usr/ebuild/installs/software/UCX/1.11.2-GCCcore-11.2.0/lib/../lib64/:/usr/ebuild/installs/software/libevent/2.1.12-GCCcore-11.2.0/lib/../lib64/:/usr/ebuild/installs/software/OpenSSL/1.1/lib/../lib64/:/usr/ebuild/installs/software/hwloc/2.5.0-GCCcore-11.2.0/lib/../lib64/:/usr/ebuild/installs/software/libpciaccess/0.16-GCCcore-11.2.0/lib/../lib64/:/usr/ebuild/installs/software/numactl/2.0.14-GCCcore-11.2.0/lib/../lib64/:/usr/ebuild/installs/software/binutils/2.37-GCCcore-11.2.0/lib/../lib64/:/usr/ebuild/software/emerald/software/GCCcore/11.3.0/bin/../lib/gcc/x86_64-pc-linux-gnu/11.3.0/../../../../lib64/:/lib/../lib64/:/usr/lib/../lib64/:/usr/ebuild/installs/software/DCMTK/3.6.7-GCCcore-11.3.0/lib/:/usr/ebuild/installs/software/libxml2/2.9.13-GCCcore-11.3.0/lib/:/usr/ebuild/installs/software/XZ/5.2.5-GCCcore-11.3.0/lib/:/usr/ebuild/installs/software/libpng/1.6.37-GCCcore-11.3.0/lib/:/usr/ebuild/installs/software/zlib/1.2.12-GCCcore-11.3.0/lib/:/usr/ebuild/installs/software/ROOT/6.24.06-foss-2021b/lib/:/cm/shared/apps/slurm/current/lib64/slurm/:/cm/shared/apps/slurm/current/lib64/:/usr/ebuild/installs/software/libiconv/1.17-GCCcore-11.3.0/lib/:/usr/ebuild/installs/software/LibTIFF/4.3.0-GCCcore-11.3.0/lib/:/usr/ebuild/installs/software/libdeflate/1.10-GCCcore-11.3.0/lib/:/usr/ebuild/installs/software/zstd/1.5.2-GCCcore-11.3.0/lib/:/usr/ebuild/installs/software/lz4/1.9.3-GCCcore-11.3.0/lib/:/usr/ebuild/installs/software/jbigkit/2.1-GCCcore-11.3.0/lib/:/usr/ebuild/installs/software/libjpeg-turbo/2.1.3-GCCcore-11.3.0/lib/:/usr/ebuild/installs/software/GL2PS/1.4.2-GCCcore-11.2.0/lib/:/usr/ebuild/installs/software/freeglut/3.2.1-GCCcore-11.2.0/lib/:/usr/ebuild/installs/software/libGLU/9.0.2-GCCcore-11.2.0/lib/:/usr/ebuild/installs/software/Mesa/21.1.7-GCCcore-11.2.0/lib/:/usr/ebuild/installs/software/LLVM/12.0.1-GCCcore-11.2.0/lib/:/usr/ebuild/installs/software/libunwind/1.5.0-GCCcore-11.2.0/lib/:/usr/ebuild/installs/software/libglvnd/1.3.3-GCCcore-11.2.0/lib/:/usr/ebuild/installs/software/libdrm/2.4.107-GCCcore-11.2.0/lib/:/usr/ebuild/installs/software/X11/20210802-GCCcore-11.2.0/lib/:/usr/ebuild/installs/software/fontconfig/2.13.94-GCCcore-11.2.0/lib/:/usr/ebuild/installs/software/util-linux/2.37-GCCcore-11.2.0/lib/:/usr/ebuild/installs/software/expat/2.4.1-GCCcore-11.2.0/lib/:/usr/ebuild/installs/software/SciPy-bundle/2021.10-foss-2021b/lib/python3.9/site-packages/numpy/core/lib/:/usr/ebuild/installs/software/SciPy-bundle/2021.10-foss-2021b/lib/:/usr/ebuild/installs/software/Python/3.9.6-GCCcore-11.2.0/lib/:/usr/ebuild/installs/software/libffi/3.4.2-GCCcore-11.2.0/lib64/:/usr/ebuild/installs/software/libffi/3.4.2-GCCcore-11.2.0/lib/:/usr/ebuild/installs/software/GMP/6.2.1-GCCcore-11.2.0/lib/:/usr/ebuild/installs/software/SQLite/3.36-GCCcore-11.2.0/lib/:/usr/ebuild/installs/software/Tcl/8.6.11-GCCcore-11.2.0/lib/:/usr/ebuild/installs/software/libreadline/8.1-GCCcore-11.2.0/lib/:/usr/ebuild/installs/software/ncurses/6.2-GCCcore-11.2.0/lib/:/usr/ebuild/installs/software/freetype/2.11.0-GCCcore-11.2.0/lib/:/usr/ebuild/installs/software/Brotli/1.0.9-GCCcore-11.2.0/lib/:/usr/ebuild/installs/software/CFITSIO/3.49-GCCcore-11.2.0/lib/:/usr/ebuild/installs/software/cURL/7.78.0-GCCcore-11.2.0/lib/:/usr/ebuild/installs/software/PCRE/8.45-GCCcore-11.2.0/lib/:/usr/ebuild/installs/software/bzip2/1.0.8-GCCcore-11.2.0/lib/:/usr/ebuild/installs/software/GSL/2.7-GCC-11.2.0/lib/:/usr/ebuild/installs/software/ScaLAPACK/2.1.0-gompi-2021b-fb/lib/:/usr/ebuild/installs/software/FFTW/3.3.10-gompi-2021b/lib/:/usr/ebuild/installs/software/FlexiBLAS/3.0.4-GCC-11.2.0/lib/:/usr/ebuild/installs/software/OpenBLAS/0.3.18-GCC-11.2.0/lib/:/usr/ebuild/installs/software/OpenMPI/4.1.1-GCC-11.2.0/lib/:/usr/ebuild/installs/software/PMIx/4.1.0-GCCcore-11.2.0/lib/:/usr/ebuild/installs/software/libfabric/1.13.2-GCCcore-11.2.0/lib/:/usr/ebuild/installs/software/UCX/1.11.2-GCCcore-11.2.0/lib/:/usr/ebuild/installs/software/libevent/2.1.12-GCCcore-11.2.0/lib/:/usr/ebuild/installs/software/OpenSSL/1.1/lib/:/usr/ebuild/installs/software/hwloc/2.5.0-GCCcore-11.2.0/lib/:/usr/ebuild/installs/software/libpciaccess/0.16-GCCcore-11.2.0/lib/:/usr/ebuild/installs/software/numactl/2.0.14-GCCcore-11.2.0/lib/:/usr/ebuild/installs/software/binutils/2.37-GCCcore-11.2.0/lib/:/usr/ebuild/software/emerald/software/GCCcore/11.3.0/bin/../lib/gcc/x86_64-pc-linux-gnu/11.3.0/../../../:/lib/:/usr/lib/]
  ignore line: [COLLECT_GCC_OPTIONS='-v' '-o' 'CMakeFiles/cmTC_0af2b.dir/CMakeCCompilerABI.c.o' '-c' '-mtune=generic' '-march=x86-64' '-dumpdir' 'CMakeFiles/cmTC_0af2b.dir/CMakeCCompilerABI.c.']
  ignore line: [Linking C executable cmTC_0af2b]
  ignore line: [/cm/shared/apps/CMake/3.17.0/bin/cmake -E cmake_link_script CMakeFiles/cmTC_0af2b.dir/link.txt --verbose=1]
  ignore line: [/usr/ebuild/installs/software/GCCcore/11.3.0/bin/cc     -v -rdynamic CMakeFiles/cmTC_0af2b.dir/CMakeCCompilerABI.c.o  -o cmTC_0af2b ]
  ignore line: [Using built-in specs.]
  ignore line: [COLLECT_GCC=/usr/ebuild/installs/software/GCCcore/11.3.0/bin/cc]
  ignore line: [COLLECT_LTO_WRAPPER=/usr/ebuild/software/emerald/software/GCCcore/11.3.0/bin/../libexec/gcc/x86_64-pc-linux-gnu/11.3.0/lto-wrapper]
  ignore line: [OFFLOAD_TARGET_NAMES=nvptx-none]
  ignore line: [Target: x86_64-pc-linux-gnu]
  ignore line: [Configured with: ../configure --enable-languages=c,c++,fortran --without-cuda-driver --enable-offload-targets=nvptx-none --enable-lto --enable-checking=release --disable-multilib --enable-shared=yes --enable-static=yes --enable-threads=posix --enable-plugins --enable-gold --enable-ld=default --prefix=/usr/ebuild/installs/software/GCCcore/11.3.0 --with-local-prefix=/usr/ebuild/installs/software/GCCcore/11.3.0 --enable-bootstrap --with-isl=/scratch/ebuild/GCCcore/11.3.0/system-system/gcc-11.3.0/stage2_stuff --build=x86_64-pc-linux-gnu --host=x86_64-pc-linux-gnu]
  ignore line: [Thread model: posix]
  ignore line: [Supported LTO compression algorithms: zlib zstd]
  ignore line: [gcc version 11.3.0 (GCC) ]
  ignore line: [COMPILER_PATH=/usr/ebuild/software/emerald/software/GCCcore/11.3.0/bin/../libexec/gcc/x86_64-pc-linux-gnu/11.3.0/:/usr/ebuild/software/emerald/software/GCCcore/11.3.0/bin/../libexec/gcc/]
  ignore line: [LIBRARY_PATH=/usr/ebuild/software/emerald/software/GCCcore/11.3.0/bin/../lib/gcc/x86_64-pc-linux-gnu/11.3.0/:/usr/ebuild/software/emerald/software/GCCcore/11.3.0/bin/../lib/gcc/:/usr/ebuild/installs/software/DCMTK/3.6.7-GCCcore-11.3.0/lib/../lib64/:/usr/ebuild/installs/software/libxml2/2.9.13-GCCcore-11.3.0/lib/../lib64/:/usr/ebuild/installs/software/XZ/5.2.5-GCCcore-11.3.0/lib/../lib64/:/usr/ebuild/installs/software/libpng/1.6.37-GCCcore-11.3.0/lib/../lib64/:/usr/ebuild/installs/software/zlib/1.2.12-GCCcore-11.3.0/lib/../lib64/:/usr/ebuild/installs/software/ROOT/6.24.06-foss-2021b/lib/../lib64/:/cm/shared/apps/slurm/current/lib64/../lib64/:/usr/ebuild/installs/software/libiconv/1.17-GCCcore-11.3.0/lib/../lib64/:/usr/ebuild/installs/software/LibTIFF/4.3.0-GCCcore-11.3.0/lib/../lib64/:/usr/ebuild/installs/software/libdeflate/1.10-GCCcore-11.3.0/lib/../lib64/:/usr/ebuild/installs/software/zstd/1.5.2-GCCcore-11.3.0/lib/../lib64/:/usr/ebuild/installs/software/lz4/1.9.3-GCCcore-11.3.0/lib/../lib64/:/usr/ebuild/installs/software/jbigkit/2.1-GCCcore-11.3.0/lib/../lib64/:/usr/ebuild/installs/software/libjpeg-turbo/2.1.3-GCCcore-11.3.0/lib/../lib64/:/usr/ebuild/installs/software/GL2PS/1.4.2-GCCcore-11.2.0/lib/../lib64/:/usr/ebuild/installs/software/freeglut/3.2.1-GCCcore-11.2.0/lib/../lib64/:/usr/ebuild/installs/software/libGLU/9.0.2-GCCcore-11.2.0/lib/../lib64/:/usr/ebuild/installs/software/Mesa/21.1.7-GCCcore-11.2.0/lib/../lib64/:/usr/ebuild/installs/software/LLVM/12.0.1-GCCcore-11.2.0/lib/../lib64/:/usr/ebuild/installs/software/libunwind/1.5.0-GCCcore-11.2.0/lib/../lib64/:/usr/ebuild/installs/software/libglvnd/1.3.3-GCCcore-11.2.0/lib/../lib64/:/usr/ebuild/installs/software/libdrm/2.4.107-GCCcore-11.2.0/lib/../lib64/:/usr/ebuild/installs/software/X11/20210802-GCCcore-11.2.0/lib/../lib64/:/usr/ebuild/installs/software/fontconfig/2.13.94-GCCcore-11.2.0/lib/../lib64/:/usr/ebuild/installs/software/util-linux/2.37-GCCcore-11.2.0/lib/../lib64/:/usr/ebuild/installs/software/expat/2.4.1-GCCcore-11.2.0/lib/../lib64/:/usr/ebuild/installs/software/SciPy-bundle/2021.10-foss-2021b/lib/../lib64/:/usr/ebuild/installs/software/Python/3.9.6-GCCcore-11.2.0/lib/../lib64/:/usr/ebuild/installs/software/libffi/3.4.2-GCCcore-11.2.0/lib64/../lib64/:/usr/ebuild/installs/software/libffi/3.4.2-GCCcore-11.2.0/lib/../lib64/:/usr/ebuild/installs/software/GMP/6.2.1-GCCcore-11.2.0/lib/../lib64/:/usr/ebuild/installs/software/SQLite/3.36-GCCcore-11.2.0/lib/../lib64/:/usr/ebuild/installs/software/Tcl/8.6.11-GCCcore-11.2.0/lib/../lib64/:/usr/ebuild/installs/software/libreadline/8.1-GCCcore-11.2.0/lib/../lib64/:/usr/ebuild/installs/software/ncurses/6.2-GCCcore-11.2.0/lib/../lib64/:/usr/ebuild/installs/software/freetype/2.11.0-GCCcore-11.2.0/lib/../lib64/:/usr/ebuild/installs/software/Brotli/1.0.9-GCCcore-11.2.0/lib/../lib64/:/usr/ebuild/installs/software/CFITSIO/3.49-GCCcore-11.2.0/lib/../lib64/:/usr/ebuild/installs/software/cURL/7.78.0-GCCcore-11.2.0/lib/../lib64/:/usr/ebuild/installs/software/PCRE/8.45-GCCcore-11.2.0/lib/../lib64/:/usr/ebuild/installs/software/bzip2/1.0.8-GCCcore-11.2.0/lib/../lib64/:/usr/ebuild/installs/software/GSL/2.7-GCC-11.2.0/lib/../lib64/:/usr/ebuild/installs/software/ScaLAPACK/2.1.0-gompi-2021b-fb/lib/../lib64/:/usr/ebuild/installs/software/FFTW/3.3.10-gompi-2021b/lib/../lib64/:/usr/ebuild/installs/software/FlexiBLAS/3.0.4-GCC-11.2.0/lib/../lib64/:/usr/ebuild/installs/software/OpenBLAS/0.3.18-GCC-11.2.0/lib/../lib64/:/usr/ebuild/installs/software/OpenMPI/4.1.1-GCC-11.2.0/lib/../lib64/:/usr/ebuild/installs/software/PMIx/4.1.0-GCCcore-11.2.0/lib/../lib64/:/usr/ebuild/installs/software/libfabric/1.13.2-GCCcore-11.2.0/lib/../lib64/:/usr/ebuild/installs/software/UCX/1.11.2-GCCcore-11.2.0/lib/../lib64/:/usr/ebuild/installs/software/libevent/2.1.12-GCCcore-11.2.0/lib/../lib64/:/usr/ebuild/installs/software/OpenSSL/1.1/lib/../lib64/:/usr/ebuild/installs/software/hwloc/2.5.0-GCCcore-11.2.0/lib/../lib64/:/usr/ebuild/installs/software/libpciaccess/0.16-GCCcore-11.2.0/lib/../lib64/:/usr/ebuild/installs/software/numactl/2.0.14-GCCcore-11.2.0/lib/../lib64/:/usr/ebuild/installs/software/binutils/2.37-GCCcore-11.2.0/lib/../lib64/:/usr/ebuild/software/emerald/software/GCCcore/11.3.0/bin/../lib/gcc/x86_64-pc-linux-gnu/11.3.0/../../../../lib64/:/lib/../lib64/:/usr/lib/../lib64/:/usr/ebuild/installs/software/DCMTK/3.6.7-GCCcore-11.3.0/lib/:/usr/ebuild/installs/software/libxml2/2.9.13-GCCcore-11.3.0/lib/:/usr/ebuild/installs/software/XZ/5.2.5-GCCcore-11.3.0/lib/:/usr/ebuild/installs/software/libpng/1.6.37-GCCcore-11.3.0/lib/:/usr/ebuild/installs/software/zlib/1.2.12-GCCcore-11.3.0/lib/:/usr/ebuild/installs/software/ROOT/6.24.06-foss-2021b/lib/:/cm/shared/apps/slurm/current/lib64/slurm/:/cm/shared/apps/slurm/current/lib64/:/usr/ebuild/installs/software/libiconv/1.17-GCCcore-11.3.0/lib/:/usr/ebuild/installs/software/LibTIFF/4.3.0-GCCcore-11.3.0/lib/:/usr/ebuild/installs/software/libdeflate/1.10-GCCcore-11.3.0/lib/:/usr/ebuild/installs/software/zstd/1.5.2-GCCcore-11.3.0/lib/:/usr/ebuild/installs/software/lz4/1.9.3-GCCcore-11.3.0/lib/:/usr/ebuild/installs/software/jbigkit/2.1-GCCcore-11.3.0/lib/:/usr/ebuild/installs/software/libjpeg-turbo/2.1.3-GCCcore-11.3.0/lib/:/usr/ebuild/installs/software/GL2PS/1.4.2-GCCcore-11.2.0/lib/:/usr/ebuild/installs/software/freeglut/3.2.1-GCCcore-11.2.0/lib/:/usr/ebuild/installs/software/libGLU/9.0.2-GCCcore-11.2.0/lib/:/usr/ebuild/installs/software/Mesa/21.1.7-GCCcore-11.2.0/lib/:/usr/ebuild/installs/software/LLVM/12.0.1-GCCcore-11.2.0/lib/:/usr/ebuild/installs/software/libunwind/1.5.0-GCCcore-11.2.0/lib/:/usr/ebuild/installs/software/libglvnd/1.3.3-GCCcore-11.2.0/lib/:/usr/ebuild/installs/software/libdrm/2.4.107-GCCcore-11.2.0/lib/:/usr/ebuild/installs/software/X11/20210802-GCCcore-11.2.0/lib/:/usr/ebuild/installs/software/fontconfig/2.13.94-GCCcore-11.2.0/lib/:/usr/ebuild/installs/software/util-linux/2.37-GCCcore-11.2.0/lib/:/usr/ebuild/installs/software/expat/2.4.1-GCCcore-11.2.0/lib/:/usr/ebuild/installs/software/SciPy-bundle/2021.10-foss-2021b/lib/python3.9/site-packages/numpy/core/lib/:/usr/ebuild/installs/software/SciPy-bundle/2021.10-foss-2021b/lib/:/usr/ebuild/installs/software/Python/3.9.6-GCCcore-11.2.0/lib/:/usr/ebuild/installs/software/libffi/3.4.2-GCCcore-11.2.0/lib64/:/usr/ebuild/installs/software/libffi/3.4.2-GCCcore-11.2.0/lib/:/usr/ebuild/installs/software/GMP/6.2.1-GCCcore-11.2.0/lib/:/usr/ebuild/installs/software/SQLite/3.36-GCCcore-11.2.0/lib/:/usr/ebuild/installs/software/Tcl/8.6.11-GCCcore-11.2.0/lib/:/usr/ebuild/installs/software/libreadline/8.1-GCCcore-11.2.0/lib/:/usr/ebuild/installs/software/ncurses/6.2-GCCcore-11.2.0/lib/:/usr/ebuild/installs/software/freetype/2.11.0-GCCcore-11.2.0/lib/:/usr/ebuild/installs/software/Brotli/1.0.9-GCCcore-11.2.0/lib/:/usr/ebuild/installs/software/CFITSIO/3.49-GCCcore-11.2.0/lib/:/usr/ebuild/installs/software/cURL/7.78.0-GCCcore-11.2.0/lib/:/usr/ebuild/installs/software/PCRE/8.45-GCCcore-11.2.0/lib/:/usr/ebuild/installs/software/bzip2/1.0.8-GCCcore-11.2.0/lib/:/usr/ebuild/installs/software/GSL/2.7-GCC-11.2.0/lib/:/usr/ebuild/installs/software/ScaLAPACK/2.1.0-gompi-2021b-fb/lib/:/usr/ebuild/installs/software/FFTW/3.3.10-gompi-2021b/lib/:/usr/ebuild/installs/software/FlexiBLAS/3.0.4-GCC-11.2.0/lib/:/usr/ebuild/installs/software/OpenBLAS/0.3.18-GCC-11.2.0/lib/:/usr/ebuild/installs/software/OpenMPI/4.1.1-GCC-11.2.0/lib/:/usr/ebuild/installs/software/PMIx/4.1.0-GCCcore-11.2.0/lib/:/usr/ebuild/installs/software/libfabric/1.13.2-GCCcore-11.2.0/lib/:/usr/ebuild/installs/software/UCX/1.11.2-GCCcore-11.2.0/lib/:/usr/ebuild/installs/software/libevent/2.1.12-GCCcore-11.2.0/lib/:/usr/ebuild/installs/software/OpenSSL/1.1/lib/:/usr/ebuild/installs/software/hwloc/2.5.0-GCCcore-11.2.0/lib/:/usr/ebuild/installs/software/libpciaccess/0.16-GCCcore-11.2.0/lib/:/usr/ebuild/installs/software/numactl/2.0.14-GCCcore-11.2.0/lib/:/usr/ebuild/installs/software/binutils/2.37-GCCcore-11.2.0/lib/:/usr/ebuild/software/emerald/software/GCCcore/11.3.0/bin/../lib/gcc/x86_64-pc-linux-gnu/11.3.0/../../../:/lib/:/usr/lib/]
  ignore line: [COLLECT_GCC_OPTIONS='-v' '-rdynamic' '-o' 'cmTC_0af2b' '-mtune=generic' '-march=x86-64' '-dumpdir' 'cmTC_0af2b.']
  link line: [ /usr/ebuild/software/emerald/software/GCCcore/11.3.0/bin/../libexec/gcc/x86_64-pc-linux-gnu/11.3.0/collect2 -plugin /usr/ebuild/software/emerald/software/GCCcore/11.3.0/bin/../libexec/gcc/x86_64-pc-linux-gnu/11.3.0/liblto_plugin.so -plugin-opt=/usr/ebuild/software/emerald/software/GCCcore/11.3.0/bin/../libexec/gcc/x86_64-pc-linux-gnu/11.3.0/lto-wrapper -plugin-opt=-fresolution=/tmp/cc1QoOv3.res -plugin-opt=-pass-through=-lgcc -plugin-opt=-pass-through=-lgcc_s -plugin-opt=-pass-through=-lc -plugin-opt=-pass-through=-lgcc -plugin-opt=-pass-through=-lgcc_s --eh-frame-hdr -m elf_x86_64 -export-dynamic -dynamic-linker /lib64/ld-linux-x86-64.so.2 -o cmTC_0af2b /lib/../lib64/crt1.o /lib/../lib64/crti.o /usr/ebuild/software/emerald/software/GCCcore/11.3.0/bin/../lib/gcc/x86_64-pc-linux-gnu/11.3.0/crtbegin.o -L/usr/ebuild/software/emerald/software/GCCcore/11.3.0/bin/../lib/gcc/x86_64-pc-linux-gnu/11.3.0 -L/usr/ebuild/software/emerald/software/GCCcore/11.3.0/bin/../lib/gcc -L/usr/ebuild/installs/software/DCMTK/3.6.7-GCCcore-11.3.0/lib/../lib64 -L/usr/ebuild/installs/software/libxml2/2.9.13-GCCcore-11.3.0/lib/../lib64 -L/usr/ebuild/installs/software/XZ/5.2.5-GCCcore-11.3.0/lib/../lib64 -L/usr/ebuild/installs/software/libpng/1.6.37-GCCcore-11.3.0/lib/../lib64 -L/usr/ebuild/installs/software/zlib/1.2.12-GCCcore-11.3.0/lib/../lib64 -L/usr/ebuild/installs/software/ROOT/6.24.06-foss-2021b/lib/../lib64 -L/cm/shared/apps/slurm/current/lib64/../lib64 -L/usr/ebuild/installs/software/libiconv/1.17-GCCcore-11.3.0/lib/../lib64 -L/usr/ebuild/installs/software/LibTIFF/4.3.0-GCCcore-11.3.0/lib/../lib64 -L/usr/ebuild/installs/software/libdeflate/1.10-GCCcore-11.3.0/lib/../lib64 -L/usr/ebuild/installs/software/zstd/1.5.2-GCCcore-11.3.0/lib/../lib64 -L/usr/ebuild/installs/software/lz4/1.9.3-GCCcore-11.3.0/lib/../lib64 -L/usr/ebuild/installs/software/jbigkit/2.1-GCCcore-11.3.0/lib/../lib64 -L/usr/ebuild/installs/software/libjpeg-turbo/2.1.3-GCCcore-11.3.0/lib/../lib64 -L/usr/ebuild/installs/software/GL2PS/1.4.2-GCCcore-11.2.0/lib/../lib64 -L/usr/ebuild/installs/software/freeglut/3.2.1-GCCcore-11.2.0/lib/../lib64 -L/usr/ebuild/installs/software/libGLU/9.0.2-GCCcore-11.2.0/lib/../lib64 -L/usr/ebuild/installs/software/Mesa/21.1.7-GCCcore-11.2.0/lib/../lib64 -L/usr/ebuild/installs/software/LLVM/12.0.1-GCCcore-11.2.0/lib/../lib64 -L/usr/ebuild/installs/software/libunwind/1.5.0-GCCcore-11.2.0/lib/../lib64 -L/usr/ebuild/installs/software/libglvnd/1.3.3-GCCcore-11.2.0/lib/../lib64 -L/usr/ebuild/installs/software/libdrm/2.4.107-GCCcore-11.2.0/lib/../lib64 -L/usr/ebuild/installs/software/X11/20210802-GCCcore-11.2.0/lib/../lib64 -L/usr/ebuild/installs/software/fontconfig/2.13.94-GCCcore-11.2.0/lib/../lib64 -L/usr/ebuild/installs/software/util-linux/2.37-GCCcore-11.2.0/lib/../lib64 -L/usr/ebuild/installs/software/expat/2.4.1-GCCcore-11.2.0/lib/../lib64 -L/usr/ebuild/installs/software/SciPy-bundle/2021.10-foss-2021b/lib/../lib64 -L/usr/ebuild/installs/software/Python/3.9.6-GCCcore-11.2.0/lib/../lib64 -L/usr/ebuild/installs/software/libffi/3.4.2-GCCcore-11.2.0/lib64/../lib64 -L/usr/ebuild/installs/software/libffi/3.4.2-GCCcore-11.2.0/lib/../lib64 -L/usr/ebuild/installs/software/GMP/6.2.1-GCCcore-11.2.0/lib/../lib64 -L/usr/ebuild/installs/software/SQLite/3.36-GCCcore-11.2.0/lib/../lib64 -L/usr/ebuild/installs/software/Tcl/8.6.11-GCCcore-11.2.0/lib/../lib64 -L/usr/ebuild/installs/software/libreadline/8.1-GCCcore-11.2.0/lib/../lib64 -L/usr/ebuild/installs/software/ncurses/6.2-GCCcore-11.2.0/lib/../lib64 -L/usr/ebuild/installs/software/freetype/2.11.0-GCCcore-11.2.0/lib/../lib64 -L/usr/ebuild/installs/software/Brotli/1.0.9-GCCcore-11.2.0/lib/../lib64 -L/usr/ebuild/installs/software/CFITSIO/3.49-GCCcore-11.2.0/lib/../lib64 -L/usr/ebuild/installs/software/cURL/7.78.0-GCCcore-11.2.0/lib/../lib64 -L/usr/ebuild/installs/software/PCRE/8.45-GCCcore-11.2.0/lib/../lib64 -L/usr/ebuild/installs/software/bzip2/1.0.8-GCCcore-11.2.0/lib/../lib64 -L/usr/ebuild/installs/software/GSL/2.7-GCC-11.2.0/lib/../lib64 -L/usr/ebuild/installs/software/ScaLAPACK/2.1.0-gompi-2021b-fb/lib/../lib64 -L/usr/ebuild/installs/software/FFTW/3.3.10-gompi-2021b/lib/../lib64 -L/usr/ebuild/installs/software/FlexiBLAS/3.0.4-GCC-11.2.0/lib/../lib64 -L/usr/ebuild/installs/software/OpenBLAS/0.3.18-GCC-11.2.0/lib/../lib64 -L/usr/ebuild/installs/software/OpenMPI/4.1.1-GCC-11.2.0/lib/../lib64 -L/usr/ebuild/installs/software/PMIx/4.1.0-GCCcore-11.2.0/lib/../lib64 -L/usr/ebuild/installs/software/libfabric/1.13.2-GCCcore-11.2.0/lib/../lib64 -L/usr/ebuild/installs/software/UCX/1.11.2-GCCcore-11.2.0/lib/../lib64 -L/usr/ebuild/installs/software/libevent/2.1.12-GCCcore-11.2.0/lib/../lib64 -L/usr/ebuild/installs/software/OpenSSL/1.1/lib/../lib64 -L/usr/ebuild/installs/software/hwloc/2.5.0-GCCcore-11.2.0/lib/../lib64 -L/usr/ebuild/installs/software/libpciaccess/0.16-GCCcore-11.2.0/lib/../lib64 -L/usr/ebuild/installs/software/numactl/2.0.14-GCCcore-11.2.0/lib/../lib64 -L/usr/ebuild/installs/software/binutils/2.37-GCCcore-11.2.0/lib/../lib64 -L/usr/ebuild/software/emerald/software/GCCcore/11.3.0/bin/../lib/gcc/x86_64-pc-linux-gnu/11.3.0/../../../../lib64 -L/lib/../lib64 -L/usr/lib/../lib64 -L/usr/ebuild/installs/software/DCMTK/3.6.7-GCCcore-11.3.0/lib -L/usr/ebuild/installs/software/libxml2/2.9.13-GCCcore-11.3.0/lib -L/usr/ebuild/installs/software/XZ/5.2.5-GCCcore-11.3.0/lib -L/usr/ebuild/installs/software/libpng/1.6.37-GCCcore-11.3.0/lib -L/usr/ebuild/installs/software/zlib/1.2.12-GCCcore-11.3.0/lib -L/usr/ebuild/installs/software/ROOT/6.24.06-foss-2021b/lib -L/cm/shared/apps/slurm/current/lib64/slurm -L/cm/shared/apps/slurm/current/lib64 -L/usr/ebuild/installs/software/libiconv/1.17-GCCcore-11.3.0/lib -L/usr/ebuild/installs/software/LibTIFF/4.3.0-GCCcore-11.3.0/lib -L/usr/ebuild/installs/software/libdeflate/1.10-GCCcore-11.3.0/lib -L/usr/ebuild/installs/software/zstd/1.5.2-GCCcore-11.3.0/lib -L/usr/ebuild/installs/software/lz4/1.9.3-GCCcore-11.3.0/lib -L/usr/ebuild/installs/software/jbigkit/2.1-GCCcore-11.3.0/lib -L/usr/ebuild/installs/software/libjpeg-turbo/2.1.3-GCCcore-11.3.0/lib -L/usr/ebuild/installs/software/GL2PS/1.4.2-GCCcore-11.2.0/lib -L/usr/ebuild/installs/software/freeglut/3.2.1-GCCcore-11.2.0/lib -L/usr/ebuild/installs/software/libGLU/9.0.2-GCCcore-11.2.0/lib -L/usr/ebuild/installs/software/Mesa/21.1.7-GCCcore-11.2.0/lib -L/usr/ebuild/installs/software/LLVM/12.0.1-GCCcore-11.2.0/lib -L/usr/ebuild/installs/software/libunwind/1.5.0-GCCcore-11.2.0/lib -L/usr/ebuild/installs/software/libglvnd/1.3.3-GCCcore-11.2.0/lib -L/usr/ebuild/installs/software/libdrm/2.4.107-GCCcore-11.2.0/lib -L/usr/ebuild/installs/software/X11/20210802-GCCcore-11.2.0/lib -L/usr/ebuild/installs/software/fontconfig/2.13.94-GCCcore-11.2.0/lib -L/usr/ebuild/installs/software/util-linux/2.37-GCCcore-11.2.0/lib -L/usr/ebuild/installs/software/expat/2.4.1-GCCcore-11.2.0/lib -L/usr/ebuild/installs/software/SciPy-bundle/2021.10-foss-2021b/lib/python3.9/site-packages/numpy/core/lib -L/usr/ebuild/installs/software/SciPy-bundle/2021.10-foss-2021b/lib -L/usr/ebuild/installs/software/Python/3.9.6-GCCcore-11.2.0/lib -L/usr/ebuild/installs/software/libffi/3.4.2-GCCcore-11.2.0/lib64 -L/usr/ebuild/installs/software/libffi/3.4.2-GCCcore-11.2.0/lib -L/usr/ebuild/installs/software/GMP/6.2.1-GCCcore-11.2.0/lib -L/usr/ebuild/installs/software/SQLite/3.36-GCCcore-11.2.0/lib -L/usr/ebuild/installs/software/Tcl/8.6.11-GCCcore-11.2.0/lib -L/usr/ebuild/installs/software/libreadline/8.1-GCCcore-11.2.0/lib -L/usr/ebuild/installs/software/ncurses/6.2-GCCcore-11.2.0/lib -L/usr/ebuild/installs/software/freetype/2.11.0-GCCcore-11.2.0/lib -L/usr/ebuild/installs/software/Brotli/1.0.9-GCCcore-11.2.0/lib -L/usr/ebuild/installs/software/CFITSIO/3.49-GCCcore-11.2.0/lib -L/usr/ebuild/installs/software/cURL/7.78.0-GCCcore-11.2.0/lib -L/usr/ebuild/installs/software/PCRE/8.45-GCCcore-11.2.0/lib -L/usr/ebuild/installs/software/bzip2/1.0.8-GCCcore-11.2.0/lib -L/usr/ebuild/installs/software/GSL/2.7-GCC-11.2.0/lib -L/usr/ebuild/installs/software/ScaLAPACK/2.1.0-gompi-2021b-fb/lib -L/usr/ebuild/installs/software/FFTW/3.3.10-gompi-2021b/lib -L/usr/ebuild/installs/software/FlexiBLAS/3.0.4-GCC-11.2.0/lib -L/usr/ebuild/installs/software/OpenBLAS/0.3.18-GCC-11.2.0/lib -L/usr/ebuild/installs/software/OpenMPI/4.1.1-GCC-11.2.0/lib -L/usr/ebuild/installs/software/PMIx/4.1.0-GCCcore-11.2.0/lib -L/usr/ebuild/installs/software/libfabric/1.13.2-GCCcore-11.2.0/lib -L/usr/ebuild/installs/software/UCX/1.11.2-GCCcore-11.2.0/lib -L/usr/ebuild/installs/software/libevent/2.1.12-GCCcore-11.2.0/lib -L/usr/ebuild/installs/software/OpenSSL/1.1/lib -L/usr/ebuild/installs/software/hwloc/2.5.0-GCCcore-11.2.0/lib -L/usr/ebuild/installs/software/libpciaccess/0.16-GCCcore-11.2.0/lib -L/usr/ebuild/installs/software/numactl/2.0.14-GCCcore-11.2.0/lib -L/usr/ebuild/installs/software/binutils/2.37-GCCcore-11.2.0/lib -L/usr/ebuild/software/emerald/software/GCCcore/11.3.0/bin/../lib/gcc/x86_64-pc-linux-gnu/11.3.0/../../.. CMakeFiles/cmTC_0af2b.dir/CMakeCCompilerABI.c.o -lgcc --push-state --as-needed -lgcc_s --pop-state -lc -lgcc --push-state --as-needed -lgcc_s --pop-state /usr/ebuild/software/emerald/software/GCCcore/11.3.0/bin/../lib/gcc/x86_64-pc-linux-gnu/11.3.0/crtend.o /lib/../lib64/crtn.o]
    arg [/usr/ebuild/software/emerald/software/GCCcore/11.3.0/bin/../libexec/gcc/x86_64-pc-linux-gnu/11.3.0/collect2] ==> ignore
    arg [-plugin] ==> ignore
    arg [/usr/ebuild/software/emerald/software/GCCcore/11.3.0/bin/../libexec/gcc/x86_64-pc-linux-gnu/11.3.0/liblto_plugin.so] ==> ignore
    arg [-plugin-opt=/usr/ebuild/software/emerald/software/GCCcore/11.3.0/bin/../libexec/gcc/x86_64-pc-linux-gnu/11.3.0/lto-wrapper] ==> ignore
    arg [-plugin-opt=-fresolution=/tmp/cc1QoOv3.res] ==> ignore
    arg [-plugin-opt=-pass-through=-lgcc] ==> ignore
    arg [-plugin-opt=-pass-through=-lgcc_s] ==> ignore
    arg [-plugin-opt=-pass-through=-lc] ==> ignore
    arg [-plugin-opt=-pass-through=-lgcc] ==> ignore
    arg [-plugin-opt=-pass-through=-lgcc_s] ==> ignore
    arg [--eh-frame-hdr] ==> ignore
    arg [-m] ==> ignore
    arg [elf_x86_64] ==> ignore
    arg [-export-dynamic] ==> ignore
    arg [-dynamic-linker] ==> ignore
    arg [/lib64/ld-linux-x86-64.so.2] ==> ignore
    arg [-o] ==> ignore
    arg [cmTC_0af2b] ==> ignore
    arg [/lib/../lib64/crt1.o] ==> ignore
    arg [/lib/../lib64/crti.o] ==> ignore
    arg [/usr/ebuild/software/emerald/software/GCCcore/11.3.0/bin/../lib/gcc/x86_64-pc-linux-gnu/11.3.0/crtbegin.o] ==> ignore
    arg [-L/usr/ebuild/software/emerald/software/GCCcore/11.3.0/bin/../lib/gcc/x86_64-pc-linux-gnu/11.3.0] ==> dir [/usr/ebuild/software/emerald/software/GCCcore/11.3.0/bin/../lib/gcc/x86_64-pc-linux-gnu/11.3.0]
    arg [-L/usr/ebuild/software/emerald/software/GCCcore/11.3.0/bin/../lib/gcc] ==> dir [/usr/ebuild/software/emerald/software/GCCcore/11.3.0/bin/../lib/gcc]
    arg [-L/usr/ebuild/installs/software/DCMTK/3.6.7-GCCcore-11.3.0/lib/../lib64] ==> dir [/usr/ebuild/installs/software/DCMTK/3.6.7-GCCcore-11.3.0/lib/../lib64]
    arg [-L/usr/ebuild/installs/software/libxml2/2.9.13-GCCcore-11.3.0/lib/../lib64] ==> dir [/usr/ebuild/installs/software/libxml2/2.9.13-GCCcore-11.3.0/lib/../lib64]
    arg [-L/usr/ebuild/installs/software/XZ/5.2.5-GCCcore-11.3.0/lib/../lib64] ==> dir [/usr/ebuild/installs/software/XZ/5.2.5-GCCcore-11.3.0/lib/../lib64]
    arg [-L/usr/ebuild/installs/software/libpng/1.6.37-GCCcore-11.3.0/lib/../lib64] ==> dir [/usr/ebuild/installs/software/libpng/1.6.37-GCCcore-11.3.0/lib/../lib64]
    arg [-L/usr/ebuild/installs/software/zlib/1.2.12-GCCcore-11.3.0/lib/../lib64] ==> dir [/usr/ebuild/installs/software/zlib/1.2.12-GCCcore-11.3.0/lib/../lib64]
    arg [-L/usr/ebuild/installs/software/ROOT/6.24.06-foss-2021b/lib/../lib64] ==> dir [/usr/ebuild/installs/software/ROOT/6.24.06-foss-2021b/lib/../lib64]
    arg [-L/cm/shared/apps/slurm/current/lib64/../lib64] ==> dir [/cm/shared/apps/slurm/current/lib64/../lib64]
    arg [-L/usr/ebuild/installs/software/libiconv/1.17-GCCcore-11.3.0/lib/../lib64] ==> dir [/usr/ebuild/installs/software/libiconv/1.17-GCCcore-11.3.0/lib/../lib64]
    arg [-L/usr/ebuild/installs/software/LibTIFF/4.3.0-GCCcore-11.3.0/lib/../lib64] ==> dir [/usr/ebuild/installs/software/LibTIFF/4.3.0-GCCcore-11.3.0/lib/../lib64]
    arg [-L/usr/ebuild/installs/software/libdeflate/1.10-GCCcore-11.3.0/lib/../lib64] ==> dir [/usr/ebuild/installs/software/libdeflate/1.10-GCCcore-11.3.0/lib/../lib64]
    arg [-L/usr/ebuild/installs/software/zstd/1.5.2-GCCcore-11.3.0/lib/../lib64] ==> dir [/usr/ebuild/installs/software/zstd/1.5.2-GCCcore-11.3.0/lib/../lib64]
    arg [-L/usr/ebuild/installs/software/lz4/1.9.3-GCCcore-11.3.0/lib/../lib64] ==> dir [/usr/ebuild/installs/software/lz4/1.9.3-GCCcore-11.3.0/lib/../lib64]
    arg [-L/usr/ebuild/installs/software/jbigkit/2.1-GCCcore-11.3.0/lib/../lib64] ==> dir [/usr/ebuild/installs/software/jbigkit/2.1-GCCcore-11.3.0/lib/../lib64]
    arg [-L/usr/ebuild/installs/software/libjpeg-turbo/2.1.3-GCCcore-11.3.0/lib/../lib64] ==> dir [/usr/ebuild/installs/software/libjpeg-turbo/2.1.3-GCCcore-11.3.0/lib/../lib64]
    arg [-L/usr/ebuild/installs/software/GL2PS/1.4.2-GCCcore-11.2.0/lib/../lib64] ==> dir [/usr/ebuild/installs/software/GL2PS/1.4.2-GCCcore-11.2.0/lib/../lib64]
    arg [-L/usr/ebuild/installs/software/freeglut/3.2.1-GCCcore-11.2.0/lib/../lib64] ==> dir [/usr/ebuild/installs/software/freeglut/3.2.1-GCCcore-11.2.0/lib/../lib64]
    arg [-L/usr/ebuild/installs/software/libGLU/9.0.2-GCCcore-11.2.0/lib/../lib64] ==> dir [/usr/ebuild/installs/software/libGLU/9.0.2-GCCcore-11.2.0/lib/../lib64]
    arg [-L/usr/ebuild/installs/software/Mesa/21.1.7-GCCcore-11.2.0/lib/../lib64] ==> dir [/usr/ebuild/installs/software/Mesa/21.1.7-GCCcore-11.2.0/lib/../lib64]
    arg [-L/usr/ebuild/installs/software/LLVM/12.0.1-GCCcore-11.2.0/lib/../lib64] ==> dir [/usr/ebuild/installs/software/LLVM/12.0.1-GCCcore-11.2.0/lib/../lib64]
    arg [-L/usr/ebuild/installs/software/libunwind/1.5.0-GCCcore-11.2.0/lib/../lib64] ==> dir [/usr/ebuild/installs/software/libunwind/1.5.0-GCCcore-11.2.0/lib/../lib64]
    arg [-L/usr/ebuild/installs/software/libglvnd/1.3.3-GCCcore-11.2.0/lib/../lib64] ==> dir [/usr/ebuild/installs/software/libglvnd/1.3.3-GCCcore-11.2.0/lib/../lib64]
    arg [-L/usr/ebuild/installs/software/libdrm/2.4.107-GCCcore-11.2.0/lib/../lib64] ==> dir [/usr/ebuild/installs/software/libdrm/2.4.107-GCCcore-11.2.0/lib/../lib64]
    arg [-L/usr/ebuild/installs/software/X11/20210802-GCCcore-11.2.0/lib/../lib64] ==> dir [/usr/ebuild/installs/software/X11/20210802-GCCcore-11.2.0/lib/../lib64]
    arg [-L/usr/ebuild/installs/software/fontconfig/2.13.94-GCCcore-11.2.0/lib/../lib64] ==> dir [/usr/ebuild/installs/software/fontconfig/2.13.94-GCCcore-11.2.0/lib/../lib64]
    arg [-L/usr/ebuild/installs/software/util-linux/2.37-GCCcore-11.2.0/lib/../lib64] ==> dir [/usr/ebuild/installs/software/util-linux/2.37-GCCcore-11.2.0/lib/../lib64]
    arg [-L/usr/ebuild/installs/software/expat/2.4.1-GCCcore-11.2.0/lib/../lib64] ==> dir [/usr/ebuild/installs/software/expat/2.4.1-GCCcore-11.2.0/lib/../lib64]
    arg [-L/usr/ebuild/installs/software/SciPy-bundle/2021.10-foss-2021b/lib/../lib64] ==> dir [/usr/ebuild/installs/software/SciPy-bundle/2021.10-foss-2021b/lib/../lib64]
    arg [-L/usr/ebuild/installs/software/Python/3.9.6-GCCcore-11.2.0/lib/../lib64] ==> dir [/usr/ebuild/installs/software/Python/3.9.6-GCCcore-11.2.0/lib/../lib64]
    arg [-L/usr/ebuild/installs/software/libffi/3.4.2-GCCcore-11.2.0/lib64/../lib64] ==> dir [/usr/ebuild/installs/software/libffi/3.4.2-GCCcore-11.2.0/lib64/../lib64]
    arg [-L/usr/ebuild/installs/software/libffi/3.4.2-GCCcore-11.2.0/lib/../lib64] ==> dir [/usr/ebuild/installs/software/libffi/3.4.2-GCCcore-11.2.0/lib/../lib64]
    arg [-L/usr/ebuild/installs/software/GMP/6.2.1-GCCcore-11.2.0/lib/../lib64] ==> dir [/usr/ebuild/installs/software/GMP/6.2.1-GCCcore-11.2.0/lib/../lib64]
    arg [-L/usr/ebuild/installs/software/SQLite/3.36-GCCcore-11.2.0/lib/../lib64] ==> dir [/usr/ebuild/installs/software/SQLite/3.36-GCCcore-11.2.0/lib/../lib64]
    arg [-L/usr/ebuild/installs/software/Tcl/8.6.11-GCCcore-11.2.0/lib/../lib64] ==> dir [/usr/ebuild/installs/software/Tcl/8.6.11-GCCcore-11.2.0/lib/../lib64]
    arg [-L/usr/ebuild/installs/software/libreadline/8.1-GCCcore-11.2.0/lib/../lib64] ==> dir [/usr/ebuild/installs/software/libreadline/8.1-GCCcore-11.2.0/lib/../lib64]
    arg [-L/usr/ebuild/installs/software/ncurses/6.2-GCCcore-11.2.0/lib/../lib64] ==> dir [/usr/ebuild/installs/software/ncurses/6.2-GCCcore-11.2.0/lib/../lib64]
    arg [-L/usr/ebuild/installs/software/freetype/2.11.0-GCCcore-11.2.0/lib/../lib64] ==> dir [/usr/ebuild/installs/software/freetype/2.11.0-GCCcore-11.2.0/lib/../lib64]
    arg [-L/usr/ebuild/installs/software/Brotli/1.0.9-GCCcore-11.2.0/lib/../lib64] ==> dir [/usr/ebuild/installs/software/Brotli/1.0.9-GCCcore-11.2.0/lib/../lib64]
    arg [-L/usr/ebuild/installs/software/CFITSIO/3.49-GCCcore-11.2.0/lib/../lib64] ==> dir [/usr/ebuild/installs/software/CFITSIO/3.49-GCCcore-11.2.0/lib/../lib64]
    arg [-L/usr/ebuild/installs/software/cURL/7.78.0-GCCcore-11.2.0/lib/../lib64] ==> dir [/usr/ebuild/installs/software/cURL/7.78.0-GCCcore-11.2.0/lib/../lib64]
    arg [-L/usr/ebuild/installs/software/PCRE/8.45-GCCcore-11.2.0/lib/../lib64] ==> dir [/usr/ebuild/installs/software/PCRE/8.45-GCCcore-11.2.0/lib/../lib64]
    arg [-L/usr/ebuild/installs/software/bzip2/1.0.8-GCCcore-11.2.0/lib/../lib64] ==> dir [/usr/ebuild/installs/software/bzip2/1.0.8-GCCcore-11.2.0/lib/../lib64]
    arg [-L/usr/ebuild/installs/software/GSL/2.7-GCC-11.2.0/lib/../lib64] ==> dir [/usr/ebuild/installs/software/GSL/2.7-GCC-11.2.0/lib/../lib64]
    arg [-L/usr/ebuild/installs/software/ScaLAPACK/2.1.0-gompi-2021b-fb/lib/../lib64] ==> dir [/usr/ebuild/installs/software/ScaLAPACK/2.1.0-gompi-2021b-fb/lib/../lib64]
    arg [-L/usr/ebuild/installs/software/FFTW/3.3.10-gompi-2021b/lib/../lib64] ==> dir [/usr/ebuild/installs/software/FFTW/3.3.10-gompi-2021b/lib/../lib64]
    arg [-L/usr/ebuild/installs/software/FlexiBLAS/3.0.4-GCC-11.2.0/lib/../lib64] ==> dir [/usr/ebuild/installs/software/FlexiBLAS/3.0.4-GCC-11.2.0/lib/../lib64]
    arg [-L/usr/ebuild/installs/software/OpenBLAS/0.3.18-GCC-11.2.0/lib/../lib64] ==> dir [/usr/ebuild/installs/software/OpenBLAS/0.3.18-GCC-11.2.0/lib/../lib64]
    arg [-L/usr/ebuild/installs/software/OpenMPI/4.1.1-GCC-11.2.0/lib/../lib64] ==> dir [/usr/ebuild/installs/software/OpenMPI/4.1.1-GCC-11.2.0/lib/../lib64]
    arg [-L/usr/ebuild/installs/software/PMIx/4.1.0-GCCcore-11.2.0/lib/../lib64] ==> dir [/usr/ebuild/installs/software/PMIx/4.1.0-GCCcore-11.2.0/lib/../lib64]
    arg [-L/usr/ebuild/installs/software/libfabric/1.13.2-GCCcore-11.2.0/lib/../lib64] ==> dir [/usr/ebuild/installs/software/libfabric/1.13.2-GCCcore-11.2.0/lib/../lib64]
    arg [-L/usr/ebuild/installs/software/UCX/1.11.2-GCCcore-11.2.0/lib/../lib64] ==> dir [/usr/ebuild/installs/software/UCX/1.11.2-GCCcore-11.2.0/lib/../lib64]
    arg [-L/usr/ebuild/installs/software/libevent/2.1.12-GCCcore-11.2.0/lib/../lib64] ==> dir [/usr/ebuild/installs/software/libevent/2.1.12-GCCcore-11.2.0/lib/../lib64]
    arg [-L/usr/ebuild/installs/software/OpenSSL/1.1/lib/../lib64] ==> dir [/usr/ebuild/installs/software/OpenSSL/1.1/lib/../lib64]
    arg [-L/usr/ebuild/installs/software/hwloc/2.5.0-GCCcore-11.2.0/lib/../lib64] ==> dir [/usr/ebuild/installs/software/hwloc/2.5.0-GCCcore-11.2.0/lib/../lib64]
    arg [-L/usr/ebuild/installs/software/libpciaccess/0.16-GCCcore-11.2.0/lib/../lib64] ==> dir [/usr/ebuild/installs/software/libpciaccess/0.16-GCCcore-11.2.0/lib/../lib64]
    arg [-L/usr/ebuild/installs/software/numactl/2.0.14-GCCcore-11.2.0/lib/../lib64] ==> dir [/usr/ebuild/installs/software/numactl/2.0.14-GCCcore-11.2.0/lib/../lib64]
    arg [-L/usr/ebuild/installs/software/binutils/2.37-GCCcore-11.2.0/lib/../lib64] ==> dir [/usr/ebuild/installs/software/binutils/2.37-GCCcore-11.2.0/lib/../lib64]
    arg [-L/usr/ebuild/software/emerald/software/GCCcore/11.3.0/bin/../lib/gcc/x86_64-pc-linux-gnu/11.3.0/../../../../lib64] ==> dir [/usr/ebuild/software/emerald/software/GCCcore/11.3.0/bin/../lib/gcc/x86_64-pc-linux-gnu/11.3.0/../../../../lib64]
    arg [-L/lib/../lib64] ==> dir [/lib/../lib64]
    arg [-L/usr/lib/../lib64] ==> dir [/usr/lib/../lib64]
    arg [-L/usr/ebuild/installs/software/DCMTK/3.6.7-GCCcore-11.3.0/lib] ==> dir [/usr/ebuild/installs/software/DCMTK/3.6.7-GCCcore-11.3.0/lib]
    arg [-L/usr/ebuild/installs/software/libxml2/2.9.13-GCCcore-11.3.0/lib] ==> dir [/usr/ebuild/installs/software/libxml2/2.9.13-GCCcore-11.3.0/lib]
    arg [-L/usr/ebuild/installs/software/XZ/5.2.5-GCCcore-11.3.0/lib] ==> dir [/usr/ebuild/installs/software/XZ/5.2.5-GCCcore-11.3.0/lib]
    arg [-L/usr/ebuild/installs/software/libpng/1.6.37-GCCcore-11.3.0/lib] ==> dir [/usr/ebuild/installs/software/libpng/1.6.37-GCCcore-11.3.0/lib]
    arg [-L/usr/ebuild/installs/software/zlib/1.2.12-GCCcore-11.3.0/lib] ==> dir [/usr/ebuild/installs/software/zlib/1.2.12-GCCcore-11.3.0/lib]
    arg [-L/usr/ebuild/installs/software/ROOT/6.24.06-foss-2021b/lib] ==> dir [/usr/ebuild/installs/software/ROOT/6.24.06-foss-2021b/lib]
    arg [-L/cm/shared/apps/slurm/current/lib64/slurm] ==> dir [/cm/shared/apps/slurm/current/lib64/slurm]
    arg [-L/cm/shared/apps/slurm/current/lib64] ==> dir [/cm/shared/apps/slurm/current/lib64]
    arg [-L/usr/ebuild/installs/software/libiconv/1.17-GCCcore-11.3.0/lib] ==> dir [/usr/ebuild/installs/software/libiconv/1.17-GCCcore-11.3.0/lib]
    arg [-L/usr/ebuild/installs/software/LibTIFF/4.3.0-GCCcore-11.3.0/lib] ==> dir [/usr/ebuild/installs/software/LibTIFF/4.3.0-GCCcore-11.3.0/lib]
    arg [-L/usr/ebuild/installs/software/libdeflate/1.10-GCCcore-11.3.0/lib] ==> dir [/usr/ebuild/installs/software/libdeflate/1.10-GCCcore-11.3.0/lib]
    arg [-L/usr/ebuild/installs/software/zstd/1.5.2-GCCcore-11.3.0/lib] ==> dir [/usr/ebuild/installs/software/zstd/1.5.2-GCCcore-11.3.0/lib]
    arg [-L/usr/ebuild/installs/software/lz4/1.9.3-GCCcore-11.3.0/lib] ==> dir [/usr/ebuild/installs/software/lz4/1.9.3-GCCcore-11.3.0/lib]
    arg [-L/usr/ebuild/installs/software/jbigkit/2.1-GCCcore-11.3.0/lib] ==> dir [/usr/ebuild/installs/software/jbigkit/2.1-GCCcore-11.3.0/lib]
    arg [-L/usr/ebuild/installs/software/libjpeg-turbo/2.1.3-GCCcore-11.3.0/lib] ==> dir [/usr/ebuild/installs/software/libjpeg-turbo/2.1.3-GCCcore-11.3.0/lib]
    arg [-L/usr/ebuild/installs/software/GL2PS/1.4.2-GCCcore-11.2.0/lib] ==> dir [/usr/ebuild/installs/software/GL2PS/1.4.2-GCCcore-11.2.0/lib]
    arg [-L/usr/ebuild/installs/software/freeglut/3.2.1-GCCcore-11.2.0/lib] ==> dir [/usr/ebuild/installs/software/freeglut/3.2.1-GCCcore-11.2.0/lib]
    arg [-L/usr/ebuild/installs/software/libGLU/9.0.2-GCCcore-11.2.0/lib] ==> dir [/usr/ebuild/installs/software/libGLU/9.0.2-GCCcore-11.2.0/lib]
    arg [-L/usr/ebuild/installs/software/Mesa/21.1.7-GCCcore-11.2.0/lib] ==> dir [/usr/ebuild/installs/software/Mesa/21.1.7-GCCcore-11.2.0/lib]
    arg [-L/usr/ebuild/installs/software/LLVM/12.0.1-GCCcore-11.2.0/lib] ==> dir [/usr/ebuild/installs/software/LLVM/12.0.1-GCCcore-11.2.0/lib]
    arg [-L/usr/ebuild/installs/software/libunwind/1.5.0-GCCcore-11.2.0/lib] ==> dir [/usr/ebuild/installs/software/libunwind/1.5.0-GCCcore-11.2.0/lib]
    arg [-L/usr/ebuild/installs/software/libglvnd/1.3.3-GCCcore-11.2.0/lib] ==> dir [/usr/ebuild/installs/software/libglvnd/1.3.3-GCCcore-11.2.0/lib]
    arg [-L/usr/ebuild/installs/software/libdrm/2.4.107-GCCcore-11.2.0/lib] ==> dir [/usr/ebuild/installs/software/libdrm/2.4.107-GCCcore-11.2.0/lib]
    arg [-L/usr/ebuild/installs/software/X11/20210802-GCCcore-11.2.0/lib] ==> dir [/usr/ebuild/installs/software/X11/20210802-GCCcore-11.2.0/lib]
    arg [-L/usr/ebuild/installs/software/fontconfig/2.13.94-GCCcore-11.2.0/lib] ==> dir [/usr/ebuild/installs/software/fontconfig/2.13.94-GCCcore-11.2.0/lib]
    arg [-L/usr/ebuild/installs/software/util-linux/2.37-GCCcore-11.2.0/lib] ==> dir [/usr/ebuild/installs/software/util-linux/2.37-GCCcore-11.2.0/lib]
    arg [-L/usr/ebuild/installs/software/expat/2.4.1-GCCcore-11.2.0/lib] ==> dir [/usr/ebuild/installs/software/expat/2.4.1-GCCcore-11.2.0/lib]
    arg [-L/usr/ebuild/installs/software/SciPy-bundle/2021.10-foss-2021b/lib/python3.9/site-packages/numpy/core/lib] ==> dir [/usr/ebuild/installs/software/SciPy-bundle/2021.10-foss-2021b/lib/python3.9/site-packages/numpy/core/lib]
    arg [-L/usr/ebuild/installs/software/SciPy-bundle/2021.10-foss-2021b/lib] ==> dir [/usr/ebuild/installs/software/SciPy-bundle/2021.10-foss-2021b/lib]
    arg [-L/usr/ebuild/installs/software/Python/3.9.6-GCCcore-11.2.0/lib] ==> dir [/usr/ebuild/installs/software/Python/3.9.6-GCCcore-11.2.0/lib]
    arg [-L/usr/ebuild/installs/software/libffi/3.4.2-GCCcore-11.2.0/lib64] ==> dir [/usr/ebuild/installs/software/libffi/3.4.2-GCCcore-11.2.0/lib64]
    arg [-L/usr/ebuild/installs/software/libffi/3.4.2-GCCcore-11.2.0/lib] ==> dir [/usr/ebuild/installs/software/libffi/3.4.2-GCCcore-11.2.0/lib]
    arg [-L/usr/ebuild/installs/software/GMP/6.2.1-GCCcore-11.2.0/lib] ==> dir [/usr/ebuild/installs/software/GMP/6.2.1-GCCcore-11.2.0/lib]
    arg [-L/usr/ebuild/installs/software/SQLite/3.36-GCCcore-11.2.0/lib] ==> dir [/usr/ebuild/installs/software/SQLite/3.36-GCCcore-11.2.0/lib]
    arg [-L/usr/ebuild/installs/software/Tcl/8.6.11-GCCcore-11.2.0/lib] ==> dir [/usr/ebuild/installs/software/Tcl/8.6.11-GCCcore-11.2.0/lib]
    arg [-L/usr/ebuild/installs/software/libreadline/8.1-GCCcore-11.2.0/lib] ==> dir [/usr/ebuild/installs/software/libreadline/8.1-GCCcore-11.2.0/lib]
    arg [-L/usr/ebuild/installs/software/ncurses/6.2-GCCcore-11.2.0/lib] ==> dir [/usr/ebuild/installs/software/ncurses/6.2-GCCcore-11.2.0/lib]
    arg [-L/usr/ebuild/installs/software/freetype/2.11.0-GCCcore-11.2.0/lib] ==> dir [/usr/ebuild/installs/software/freetype/2.11.0-GCCcore-11.2.0/lib]
    arg [-L/usr/ebuild/installs/software/Brotli/1.0.9-GCCcore-11.2.0/lib] ==> dir [/usr/ebuild/installs/software/Brotli/1.0.9-GCCcore-11.2.0/lib]
    arg [-L/usr/ebuild/installs/software/CFITSIO/3.49-GCCcore-11.2.0/lib] ==> dir [/usr/ebuild/installs/software/CFITSIO/3.49-GCCcore-11.2.0/lib]
    arg [-L/usr/ebuild/installs/software/cURL/7.78.0-GCCcore-11.2.0/lib] ==> dir [/usr/ebuild/installs/software/cURL/7.78.0-GCCcore-11.2.0/lib]
    arg [-L/usr/ebuild/installs/software/PCRE/8.45-GCCcore-11.2.0/lib] ==> dir [/usr/ebuild/installs/software/PCRE/8.45-GCCcore-11.2.0/lib]
    arg [-L/usr/ebuild/installs/software/bzip2/1.0.8-GCCcore-11.2.0/lib] ==> dir [/usr/ebuild/installs/software/bzip2/1.0.8-GCCcore-11.2.0/lib]
    arg [-L/usr/ebuild/installs/software/GSL/2.7-GCC-11.2.0/lib] ==> dir [/usr/ebuild/installs/software/GSL/2.7-GCC-11.2.0/lib]
    arg [-L/usr/ebuild/installs/software/ScaLAPACK/2.1.0-gompi-2021b-fb/lib] ==> dir [/usr/ebuild/installs/software/ScaLAPACK/2.1.0-gompi-2021b-fb/lib]
    arg [-L/usr/ebuild/installs/software/FFTW/3.3.10-gompi-2021b/lib] ==> dir [/usr/ebuild/installs/software/FFTW/3.3.10-gompi-2021b/lib]
    arg [-L/usr/ebuild/installs/software/FlexiBLAS/3.0.4-GCC-11.2.0/lib] ==> dir [/usr/ebuild/installs/software/FlexiBLAS/3.0.4-GCC-11.2.0/lib]
    arg [-L/usr/ebuild/installs/software/OpenBLAS/0.3.18-GCC-11.2.0/lib] ==> dir [/usr/ebuild/installs/software/OpenBLAS/0.3.18-GCC-11.2.0/lib]
    arg [-L/usr/ebuild/installs/software/OpenMPI/4.1.1-GCC-11.2.0/lib] ==> dir [/usr/ebuild/installs/software/OpenMPI/4.1.1-GCC-11.2.0/lib]
    arg [-L/usr/ebuild/installs/software/PMIx/4.1.0-GCCcore-11.2.0/lib] ==> dir [/usr/ebuild/installs/software/PMIx/4.1.0-GCCcore-11.2.0/lib]
    arg [-L/usr/ebuild/installs/software/libfabric/1.13.2-GCCcore-11.2.0/lib] ==> dir [/usr/ebuild/installs/software/libfabric/1.13.2-GCCcore-11.2.0/lib]
    arg [-L/usr/ebuild/installs/software/UCX/1.11.2-GCCcore-11.2.0/lib] ==> dir [/usr/ebuild/installs/software/UCX/1.11.2-GCCcore-11.2.0/lib]
    arg [-L/usr/ebuild/installs/software/libevent/2.1.12-GCCcore-11.2.0/lib] ==> dir [/usr/ebuild/installs/software/libevent/2.1.12-GCCcore-11.2.0/lib]
    arg [-L/usr/ebuild/installs/software/OpenSSL/1.1/lib] ==> dir [/usr/ebuild/installs/software/OpenSSL/1.1/lib]
    arg [-L/usr/ebuild/installs/software/hwloc/2.5.0-GCCcore-11.2.0/lib] ==> dir [/usr/ebuild/installs/software/hwloc/2.5.0-GCCcore-11.2.0/lib]
    arg [-L/usr/ebuild/installs/software/libpciaccess/0.16-GCCcore-11.2.0/lib] ==> dir [/usr/ebuild/installs/software/libpciaccess/0.16-GCCcore-11.2.0/lib]
    arg [-L/usr/ebuild/installs/software/numactl/2.0.14-GCCcore-11.2.0/lib] ==> dir [/usr/ebuild/installs/software/numactl/2.0.14-GCCcore-11.2.0/lib]
    arg [-L/usr/ebuild/installs/software/binutils/2.37-GCCcore-11.2.0/lib] ==> dir [/usr/ebuild/installs/software/binutils/2.37-GCCcore-11.2.0/lib]
    arg [-L/usr/ebuild/software/emerald/software/GCCcore/11.3.0/bin/../lib/gcc/x86_64-pc-linux-gnu/11.3.0/../../..] ==> dir [/usr/ebuild/software/emerald/software/GCCcore/11.3.0/bin/../lib/gcc/x86_64-pc-linux-gnu/11.3.0/../../..]
    arg [CMakeFiles/cmTC_0af2b.dir/CMakeCCompilerABI.c.o] ==> ignore
    arg [-lgcc] ==> lib [gcc]
    arg [--push-state] ==> ignore
    arg [--as-needed] ==> ignore
    arg [-lgcc_s] ==> lib [gcc_s]
    arg [--pop-state] ==> ignore
    arg [-lc] ==> lib [c]
    arg [-lgcc] ==> lib [gcc]
    arg [--push-state] ==> ignore
    arg [--as-needed] ==> ignore
    arg [-lgcc_s] ==> lib [gcc_s]
    arg [--pop-state] ==> ignore
    arg [/usr/ebuild/software/emerald/software/GCCcore/11.3.0/bin/../lib/gcc/x86_64-pc-linux-gnu/11.3.0/crtend.o] ==> ignore
    arg [/lib/../lib64/crtn.o] ==> ignore
  collapse library dir [/usr/ebuild/software/emerald/software/GCCcore/11.3.0/bin/../lib/gcc/x86_64-pc-linux-gnu/11.3.0] ==> [/usr/ebuild/software/emerald/software/GCCcore/11.3.0/lib/gcc/x86_64-pc-linux-gnu/11.3.0]
  collapse library dir [/usr/ebuild/software/emerald/software/GCCcore/11.3.0/bin/../lib/gcc] ==> [/usr/ebuild/software/emerald/software/GCCcore/11.3.0/lib/gcc]
  collapse library dir [/usr/ebuild/installs/software/DCMTK/3.6.7-GCCcore-11.3.0/lib/../lib64] ==> [/usr/ebuild/installs/software/DCMTK/3.6.7-GCCcore-11.3.0/lib64]
  collapse library dir [/usr/ebuild/installs/software/libxml2/2.9.13-GCCcore-11.3.0/lib/../lib64] ==> [/usr/ebuild/installs/software/libxml2/2.9.13-GCCcore-11.3.0/lib64]
  collapse library dir [/usr/ebuild/installs/software/XZ/5.2.5-GCCcore-11.3.0/lib/../lib64] ==> [/usr/ebuild/installs/software/XZ/5.2.5-GCCcore-11.3.0/lib64]
  collapse library dir [/usr/ebuild/installs/software/libpng/1.6.37-GCCcore-11.3.0/lib/../lib64] ==> [/usr/ebuild/installs/software/libpng/1.6.37-GCCcore-11.3.0/lib64]
  collapse library dir [/usr/ebuild/installs/software/zlib/1.2.12-GCCcore-11.3.0/lib/../lib64] ==> [/usr/ebuild/installs/software/zlib/1.2.12-GCCcore-11.3.0/lib64]
  collapse library dir [/usr/ebuild/installs/software/ROOT/6.24.06-foss-2021b/lib/../lib64] ==> [/usr/ebuild/installs/software/ROOT/6.24.06-foss-2021b/lib64]
  collapse library dir [/cm/shared/apps/slurm/current/lib64/../lib64] ==> [/cm/shared/apps/slurm/current/lib64]
  collapse library dir [/usr/ebuild/installs/software/libiconv/1.17-GCCcore-11.3.0/lib/../lib64] ==> [/usr/ebuild/installs/software/libiconv/1.17-GCCcore-11.3.0/lib64]
  collapse library dir [/usr/ebuild/installs/software/LibTIFF/4.3.0-GCCcore-11.3.0/lib/../lib64] ==> [/usr/ebuild/installs/software/LibTIFF/4.3.0-GCCcore-11.3.0/lib64]
  collapse library dir [/usr/ebuild/installs/software/libdeflate/1.10-GCCcore-11.3.0/lib/../lib64] ==> [/usr/ebuild/installs/software/libdeflate/1.10-GCCcore-11.3.0/lib64]
  collapse library dir [/usr/ebuild/installs/software/zstd/1.5.2-GCCcore-11.3.0/lib/../lib64] ==> [/usr/ebuild/installs/software/zstd/1.5.2-GCCcore-11.3.0/lib64]
  collapse library dir [/usr/ebuild/installs/software/lz4/1.9.3-GCCcore-11.3.0/lib/../lib64] ==> [/usr/ebuild/installs/software/lz4/1.9.3-GCCcore-11.3.0/lib64]
  collapse library dir [/usr/ebuild/installs/software/jbigkit/2.1-GCCcore-11.3.0/lib/../lib64] ==> [/usr/ebuild/installs/software/jbigkit/2.1-GCCcore-11.3.0/lib64]
  collapse library dir [/usr/ebuild/installs/software/libjpeg-turbo/2.1.3-GCCcore-11.3.0/lib/../lib64] ==> [/usr/ebuild/installs/software/libjpeg-turbo/2.1.3-GCCcore-11.3.0/lib64]
  collapse library dir [/usr/ebuild/installs/software/GL2PS/1.4.2-GCCcore-11.2.0/lib/../lib64] ==> [/usr/ebuild/installs/software/GL2PS/1.4.2-GCCcore-11.2.0/lib64]
  collapse library dir [/usr/ebuild/installs/software/freeglut/3.2.1-GCCcore-11.2.0/lib/../lib64] ==> [/usr/ebuild/installs/software/freeglut/3.2.1-GCCcore-11.2.0/lib64]
  collapse library dir [/usr/ebuild/installs/software/libGLU/9.0.2-GCCcore-11.2.0/lib/../lib64] ==> [/usr/ebuild/installs/software/libGLU/9.0.2-GCCcore-11.2.0/lib64]
  collapse library dir [/usr/ebuild/installs/software/Mesa/21.1.7-GCCcore-11.2.0/lib/../lib64] ==> [/usr/ebuild/installs/software/Mesa/21.1.7-GCCcore-11.2.0/lib64]
  collapse library dir [/usr/ebuild/installs/software/LLVM/12.0.1-GCCcore-11.2.0/lib/../lib64] ==> [/usr/ebuild/installs/software/LLVM/12.0.1-GCCcore-11.2.0/lib64]
  collapse library dir [/usr/ebuild/installs/software/libunwind/1.5.0-GCCcore-11.2.0/lib/../lib64] ==> [/usr/ebuild/installs/software/libunwind/1.5.0-GCCcore-11.2.0/lib64]
  collapse library dir [/usr/ebuild/installs/software/libglvnd/1.3.3-GCCcore-11.2.0/lib/../lib64] ==> [/usr/ebuild/installs/software/libglvnd/1.3.3-GCCcore-11.2.0/lib64]
  collapse library dir [/usr/ebuild/installs/software/libdrm/2.4.107-GCCcore-11.2.0/lib/../lib64] ==> [/usr/ebuild/installs/software/libdrm/2.4.107-GCCcore-11.2.0/lib64]
  collapse library dir [/usr/ebuild/installs/software/X11/20210802-GCCcore-11.2.0/lib/../lib64] ==> [/usr/ebuild/installs/software/X11/20210802-GCCcore-11.2.0/lib64]
  collapse library dir [/usr/ebuild/installs/software/fontconfig/2.13.94-GCCcore-11.2.0/lib/../lib64] ==> [/usr/ebuild/installs/software/fontconfig/2.13.94-GCCcore-11.2.0/lib64]
  collapse library dir [/usr/ebuild/installs/software/util-linux/2.37-GCCcore-11.2.0/lib/../lib64] ==> [/usr/ebuild/installs/software/util-linux/2.37-GCCcore-11.2.0/lib64]
  collapse library dir [/usr/ebuild/installs/software/expat/2.4.1-GCCcore-11.2.0/lib/../lib64] ==> [/usr/ebuild/installs/software/expat/2.4.1-GCCcore-11.2.0/lib64]
  collapse library dir [/usr/ebuild/installs/software/SciPy-bundle/2021.10-foss-2021b/lib/../lib64] ==> [/usr/ebuild/installs/software/SciPy-bundle/2021.10-foss-2021b/lib64]
  collapse library dir [/usr/ebuild/installs/software/Python/3.9.6-GCCcore-11.2.0/lib/../lib64] ==> [/usr/ebuild/installs/software/Python/3.9.6-GCCcore-11.2.0/lib64]
  collapse library dir [/usr/ebuild/installs/software/libffi/3.4.2-GCCcore-11.2.0/lib64/../lib64] ==> [/usr/ebuild/installs/software/libffi/3.4.2-GCCcore-11.2.0/lib64]
  collapse library dir [/usr/ebuild/installs/software/libffi/3.4.2-GCCcore-11.2.0/lib/../lib64] ==> [/usr/ebuild/installs/software/libffi/3.4.2-GCCcore-11.2.0/lib64]
  collapse library dir [/usr/ebuild/installs/software/GMP/6.2.1-GCCcore-11.2.0/lib/../lib64] ==> [/usr/ebuild/installs/software/GMP/6.2.1-GCCcore-11.2.0/lib64]
  collapse library dir [/usr/ebuild/installs/software/SQLite/3.36-GCCcore-11.2.0/lib/../lib64] ==> [/usr/ebuild/installs/software/SQLite/3.36-GCCcore-11.2.0/lib64]
  collapse library dir [/usr/ebuild/installs/software/Tcl/8.6.11-GCCcore-11.2.0/lib/../lib64] ==> [/usr/ebuild/installs/software/Tcl/8.6.11-GCCcore-11.2.0/lib64]
  collapse library dir [/usr/ebuild/installs/software/libreadline/8.1-GCCcore-11.2.0/lib/../lib64] ==> [/usr/ebuild/installs/software/libreadline/8.1-GCCcore-11.2.0/lib64]
  collapse library dir [/usr/ebuild/installs/software/ncurses/6.2-GCCcore-11.2.0/lib/../lib64] ==> [/usr/ebuild/installs/software/ncurses/6.2-GCCcore-11.2.0/lib64]
  collapse library dir [/usr/ebuild/installs/software/freetype/2.11.0-GCCcore-11.2.0/lib/../lib64] ==> [/usr/ebuild/installs/software/freetype/2.11.0-GCCcore-11.2.0/lib64]
  collapse library dir [/usr/ebuild/installs/software/Brotli/1.0.9-GCCcore-11.2.0/lib/../lib64] ==> [/usr/ebuild/installs/software/Brotli/1.0.9-GCCcore-11.2.0/lib64]
  collapse library dir [/usr/ebuild/installs/software/CFITSIO/3.49-GCCcore-11.2.0/lib/../lib64] ==> [/usr/ebuild/installs/software/CFITSIO/3.49-GCCcore-11.2.0/lib64]
  collapse library dir [/usr/ebuild/installs/software/cURL/7.78.0-GCCcore-11.2.0/lib/../lib64] ==> [/usr/ebuild/installs/software/cURL/7.78.0-GCCcore-11.2.0/lib64]
  collapse library dir [/usr/ebuild/installs/software/PCRE/8.45-GCCcore-11.2.0/lib/../lib64] ==> [/usr/ebuild/installs/software/PCRE/8.45-GCCcore-11.2.0/lib64]
  collapse library dir [/usr/ebuild/installs/software/bzip2/1.0.8-GCCcore-11.2.0/lib/../lib64] ==> [/usr/ebuild/installs/software/bzip2/1.0.8-GCCcore-11.2.0/lib64]
  collapse library dir [/usr/ebuild/installs/software/GSL/2.7-GCC-11.2.0/lib/../lib64] ==> [/usr/ebuild/installs/software/GSL/2.7-GCC-11.2.0/lib64]
  collapse library dir [/usr/ebuild/installs/software/ScaLAPACK/2.1.0-gompi-2021b-fb/lib/../lib64] ==> [/usr/ebuild/installs/software/ScaLAPACK/2.1.0-gompi-2021b-fb/lib64]
  collapse library dir [/usr/ebuild/installs/software/FFTW/3.3.10-gompi-2021b/lib/../lib64] ==> [/usr/ebuild/installs/software/FFTW/3.3.10-gompi-2021b/lib64]
  collapse library dir [/usr/ebuild/installs/software/FlexiBLAS/3.0.4-GCC-11.2.0/lib/../lib64] ==> [/usr/ebuild/installs/software/FlexiBLAS/3.0.4-GCC-11.2.0/lib64]
  collapse library dir [/usr/ebuild/installs/software/OpenBLAS/0.3.18-GCC-11.2.0/lib/../lib64] ==> [/usr/ebuild/installs/software/OpenBLAS/0.3.18-GCC-11.2.0/lib64]
  collapse library dir [/usr/ebuild/installs/software/OpenMPI/4.1.1-GCC-11.2.0/lib/../lib64] ==> [/usr/ebuild/installs/software/OpenMPI/4.1.1-GCC-11.2.0/lib64]
  collapse library dir [/usr/ebuild/installs/software/PMIx/4.1.0-GCCcore-11.2.0/lib/../lib64] ==> [/usr/ebuild/installs/software/PMIx/4.1.0-GCCcore-11.2.0/lib64]
  collapse library dir [/usr/ebuild/installs/software/libfabric/1.13.2-GCCcore-11.2.0/lib/../lib64] ==> [/usr/ebuild/installs/software/libfabric/1.13.2-GCCcore-11.2.0/lib64]
  collapse library dir [/usr/ebuild/installs/software/UCX/1.11.2-GCCcore-11.2.0/lib/../lib64] ==> [/usr/ebuild/installs/software/UCX/1.11.2-GCCcore-11.2.0/lib64]
  collapse library dir [/usr/ebuild/installs/software/libevent/2.1.12-GCCcore-11.2.0/lib/../lib64] ==> [/usr/ebuild/installs/software/libevent/2.1.12-GCCcore-11.2.0/lib64]
  collapse library dir [/usr/ebuild/installs/software/OpenSSL/1.1/lib/../lib64] ==> [/usr/ebuild/installs/software/OpenSSL/1.1/lib64]
  collapse library dir [/usr/ebuild/installs/software/hwloc/2.5.0-GCCcore-11.2.0/lib/../lib64] ==> [/usr/ebuild/installs/software/hwloc/2.5.0-GCCcore-11.2.0/lib64]
  collapse library dir [/usr/ebuild/installs/software/libpciaccess/0.16-GCCcore-11.2.0/lib/../lib64] ==> [/usr/ebuild/installs/software/libpciaccess/0.16-GCCcore-11.2.0/lib64]
  collapse library dir [/usr/ebuild/installs/software/numactl/2.0.14-GCCcore-11.2.0/lib/../lib64] ==> [/usr/ebuild/installs/software/numactl/2.0.14-GCCcore-11.2.0/lib64]
  collapse library dir [/usr/ebuild/installs/software/binutils/2.37-GCCcore-11.2.0/lib/../lib64] ==> [/usr/ebuild/installs/software/binutils/2.37-GCCcore-11.2.0/lib64]
  collapse library dir [/usr/ebuild/software/emerald/software/GCCcore/11.3.0/bin/../lib/gcc/x86_64-pc-linux-gnu/11.3.0/../../../../lib64] ==> [/usr/ebuild/software/emerald/software/GCCcore/11.3.0/lib64]
  collapse library dir [/lib/../lib64] ==> [/lib64]
  collapse library dir [/usr/lib/../lib64] ==> [/usr/lib64]
  collapse library dir [/usr/ebuild/installs/software/DCMTK/3.6.7-GCCcore-11.3.0/lib] ==> [/usr/ebuild/installs/software/DCMTK/3.6.7-GCCcore-11.3.0/lib]
  collapse library dir [/usr/ebuild/installs/software/libxml2/2.9.13-GCCcore-11.3.0/lib] ==> [/usr/ebuild/installs/software/libxml2/2.9.13-GCCcore-11.3.0/lib]
  collapse library dir [/usr/ebuild/installs/software/XZ/5.2.5-GCCcore-11.3.0/lib] ==> [/usr/ebuild/installs/software/XZ/5.2.5-GCCcore-11.3.0/lib]
  collapse library dir [/usr/ebuild/installs/software/libpng/1.6.37-GCCcore-11.3.0/lib] ==> [/usr/ebuild/installs/software/libpng/1.6.37-GCCcore-11.3.0/lib]
  collapse library dir [/usr/ebuild/installs/software/zlib/1.2.12-GCCcore-11.3.0/lib] ==> [/usr/ebuild/installs/software/zlib/1.2.12-GCCcore-11.3.0/lib]
  collapse library dir [/usr/ebuild/installs/software/ROOT/6.24.06-foss-2021b/lib] ==> [/usr/ebuild/installs/software/ROOT/6.24.06-foss-2021b/lib]
  collapse library dir [/cm/shared/apps/slurm/current/lib64/slurm] ==> [/cm/shared/apps/slurm/current/lib64/slurm]
  collapse library dir [/cm/shared/apps/slurm/current/lib64] ==> [/cm/shared/apps/slurm/current/lib64]
  collapse library dir [/usr/ebuild/installs/software/libiconv/1.17-GCCcore-11.3.0/lib] ==> [/usr/ebuild/installs/software/libiconv/1.17-GCCcore-11.3.0/lib]
  collapse library dir [/usr/ebuild/installs/software/LibTIFF/4.3.0-GCCcore-11.3.0/lib] ==> [/usr/ebuild/installs/software/LibTIFF/4.3.0-GCCcore-11.3.0/lib]
  collapse library dir [/usr/ebuild/installs/software/libdeflate/1.10-GCCcore-11.3.0/lib] ==> [/usr/ebuild/installs/software/libdeflate/1.10-GCCcore-11.3.0/lib]
  collapse library dir [/usr/ebuild/installs/software/zstd/1.5.2-GCCcore-11.3.0/lib] ==> [/usr/ebuild/installs/software/zstd/1.5.2-GCCcore-11.3.0/lib]
  collapse library dir [/usr/ebuild/installs/software/lz4/1.9.3-GCCcore-11.3.0/lib] ==> [/usr/ebuild/installs/software/lz4/1.9.3-GCCcore-11.3.0/lib]
  collapse library dir [/usr/ebuild/installs/software/jbigkit/2.1-GCCcore-11.3.0/lib] ==> [/usr/ebuild/installs/software/jbigkit/2.1-GCCcore-11.3.0/lib]
  collapse library dir [/usr/ebuild/installs/software/libjpeg-turbo/2.1.3-GCCcore-11.3.0/lib] ==> [/usr/ebuild/installs/software/libjpeg-turbo/2.1.3-GCCcore-11.3.0/lib]
  collapse library dir [/usr/ebuild/installs/software/GL2PS/1.4.2-GCCcore-11.2.0/lib] ==> [/usr/ebuild/installs/software/GL2PS/1.4.2-GCCcore-11.2.0/lib]
  collapse library dir [/usr/ebuild/installs/software/freeglut/3.2.1-GCCcore-11.2.0/lib] ==> [/usr/ebuild/installs/software/freeglut/3.2.1-GCCcore-11.2.0/lib]
  collapse library dir [/usr/ebuild/installs/software/libGLU/9.0.2-GCCcore-11.2.0/lib] ==> [/usr/ebuild/installs/software/libGLU/9.0.2-GCCcore-11.2.0/lib]
  collapse library dir [/usr/ebuild/installs/software/Mesa/21.1.7-GCCcore-11.2.0/lib] ==> [/usr/ebuild/installs/software/Mesa/21.1.7-GCCcore-11.2.0/lib]
  collapse library dir [/usr/ebuild/installs/software/LLVM/12.0.1-GCCcore-11.2.0/lib] ==> [/usr/ebuild/installs/software/LLVM/12.0.1-GCCcore-11.2.0/lib]
  collapse library dir [/usr/ebuild/installs/software/libunwind/1.5.0-GCCcore-11.2.0/lib] ==> [/usr/ebuild/installs/software/libunwind/1.5.0-GCCcore-11.2.0/lib]
  collapse library dir [/usr/ebuild/installs/software/libglvnd/1.3.3-GCCcore-11.2.0/lib] ==> [/usr/ebuild/installs/software/libglvnd/1.3.3-GCCcore-11.2.0/lib]
  collapse library dir [/usr/ebuild/installs/software/libdrm/2.4.107-GCCcore-11.2.0/lib] ==> [/usr/ebuild/installs/software/libdrm/2.4.107-GCCcore-11.2.0/lib]
  collapse library dir [/usr/ebuild/installs/software/X11/20210802-GCCcore-11.2.0/lib] ==> [/usr/ebuild/installs/software/X11/20210802-GCCcore-11.2.0/lib]
  collapse library dir [/usr/ebuild/installs/software/fontconfig/2.13.94-GCCcore-11.2.0/lib] ==> [/usr/ebuild/installs/software/fontconfig/2.13.94-GCCcore-11.2.0/lib]
  collapse library dir [/usr/ebuild/installs/software/util-linux/2.37-GCCcore-11.2.0/lib] ==> [/usr/ebuild/installs/software/util-linux/2.37-GCCcore-11.2.0/lib]
  collapse library dir [/usr/ebuild/installs/software/expat/2.4.1-GCCcore-11.2.0/lib] ==> [/usr/ebuild/installs/software/expat/2.4.1-GCCcore-11.2.0/lib]
  collapse library dir [/usr/ebuild/installs/software/SciPy-bundle/2021.10-foss-2021b/lib/python3.9/site-packages/numpy/core/lib] ==> [/usr/ebuild/installs/software/SciPy-bundle/2021.10-foss-2021b/lib/python3.9/site-packages/numpy/core/lib]
  collapse library dir [/usr/ebuild/installs/software/SciPy-bundle/2021.10-foss-2021b/lib] ==> [/usr/ebuild/installs/software/SciPy-bundle/2021.10-foss-2021b/lib]
  collapse library dir [/usr/ebuild/installs/software/Python/3.9.6-GCCcore-11.2.0/lib] ==> [/usr/ebuild/installs/software/Python/3.9.6-GCCcore-11.2.0/lib]
  collapse library dir [/usr/ebuild/installs/software/libffi/3.4.2-GCCcore-11.2.0/lib64] ==> [/usr/ebuild/installs/software/libffi/3.4.2-GCCcore-11.2.0/lib64]
  collapse library dir [/usr/ebuild/installs/software/libffi/3.4.2-GCCcore-11.2.0/lib] ==> [/usr/ebuild/installs/software/libffi/3.4.2-GCCcore-11.2.0/lib]
  collapse library dir [/usr/ebuild/installs/software/GMP/6.2.1-GCCcore-11.2.0/lib] ==> [/usr/ebuild/installs/software/GMP/6.2.1-GCCcore-11.2.0/lib]
  collapse library dir [/usr/ebuild/installs/software/SQLite/3.36-GCCcore-11.2.0/lib] ==> [/usr/ebuild/installs/software/SQLite/3.36-GCCcore-11.2.0/lib]
  collapse library dir [/usr/ebuild/installs/software/Tcl/8.6.11-GCCcore-11.2.0/lib] ==> [/usr/ebuild/installs/software/Tcl/8.6.11-GCCcore-11.2.0/lib]
  collapse library dir [/usr/ebuild/installs/software/libreadline/8.1-GCCcore-11.2.0/lib] ==> [/usr/ebuild/installs/software/libreadline/8.1-GCCcore-11.2.0/lib]
  collapse library dir [/usr/ebuild/installs/software/ncurses/6.2-GCCcore-11.2.0/lib] ==> [/usr/ebuild/installs/software/ncurses/6.2-GCCcore-11.2.0/lib]
  collapse library dir [/usr/ebuild/installs/software/freetype/2.11.0-GCCcore-11.2.0/lib] ==> [/usr/ebuild/installs/software/freetype/2.11.0-GCCcore-11.2.0/lib]
  collapse library dir [/usr/ebuild/installs/software/Brotli/1.0.9-GCCcore-11.2.0/lib] ==> [/usr/ebuild/installs/software/Brotli/1.0.9-GCCcore-11.2.0/lib]
  collapse library dir [/usr/ebuild/installs/software/CFITSIO/3.49-GCCcore-11.2.0/lib] ==> [/usr/ebuild/installs/software/CFITSIO/3.49-GCCcore-11.2.0/lib]
  collapse library dir [/usr/ebuild/installs/software/cURL/7.78.0-GCCcore-11.2.0/lib] ==> [/usr/ebuild/installs/software/cURL/7.78.0-GCCcore-11.2.0/lib]
  collapse library dir [/usr/ebuild/installs/software/PCRE/8.45-GCCcore-11.2.0/lib] ==> [/usr/ebuild/installs/software/PCRE/8.45-GCCcore-11.2.0/lib]
  collapse library dir [/usr/ebuild/installs/software/bzip2/1.0.8-GCCcore-11.2.0/lib] ==> [/usr/ebuild/installs/software/bzip2/1.0.8-GCCcore-11.2.0/lib]
  collapse library dir [/usr/ebuild/installs/software/GSL/2.7-GCC-11.2.0/lib] ==> [/usr/ebuild/installs/software/GSL/2.7-GCC-11.2.0/lib]
  collapse library dir [/usr/ebuild/installs/software/ScaLAPACK/2.1.0-gompi-2021b-fb/lib] ==> [/usr/ebuild/installs/software/ScaLAPACK/2.1.0-gompi-2021b-fb/lib]
  collapse library dir [/usr/ebuild/installs/software/FFTW/3.3.10-gompi-2021b/lib] ==> [/usr/ebuild/installs/software/FFTW/3.3.10-gompi-2021b/lib]
  collapse library dir [/usr/ebuild/installs/software/FlexiBLAS/3.0.4-GCC-11.2.0/lib] ==> [/usr/ebuild/installs/software/FlexiBLAS/3.0.4-GCC-11.2.0/lib]
  collapse library dir [/usr/ebuild/installs/software/OpenBLAS/0.3.18-GCC-11.2.0/lib] ==> [/usr/ebuild/installs/software/OpenBLAS/0.3.18-GCC-11.2.0/lib]
  collapse library dir [/usr/ebuild/installs/software/OpenMPI/4.1.1-GCC-11.2.0/lib] ==> [/usr/ebuild/installs/software/OpenMPI/4.1.1-GCC-11.2.0/lib]
  collapse library dir [/usr/ebuild/installs/software/PMIx/4.1.0-GCCcore-11.2.0/lib] ==> [/usr/ebuild/installs/software/PMIx/4.1.0-GCCcore-11.2.0/lib]
  collapse library dir [/usr/ebuild/installs/software/libfabric/1.13.2-GCCcore-11.2.0/lib] ==> [/usr/ebuild/installs/software/libfabric/1.13.2-GCCcore-11.2.0/lib]
  collapse library dir [/usr/ebuild/installs/software/UCX/1.11.2-GCCcore-11.2.0/lib] ==> [/usr/ebuild/installs/software/UCX/1.11.2-GCCcore-11.2.0/lib]
  collapse library dir [/usr/ebuild/installs/software/libevent/2.1.12-GCCcore-11.2.0/lib] ==> [/usr/ebuild/installs/software/libevent/2.1.12-GCCcore-11.2.0/lib]
  collapse library dir [/usr/ebuild/installs/software/OpenSSL/1.1/lib] ==> [/usr/ebuild/installs/software/OpenSSL/1.1/lib]
  collapse library dir [/usr/ebuild/installs/software/hwloc/2.5.0-GCCcore-11.2.0/lib] ==> [/usr/ebuild/installs/software/hwloc/2.5.0-GCCcore-11.2.0/lib]
  collapse library dir [/usr/ebuild/installs/software/libpciaccess/0.16-GCCcore-11.2.0/lib] ==> [/usr/ebuild/installs/software/libpciaccess/0.16-GCCcore-11.2.0/lib]
  collapse library dir [/usr/ebuild/installs/software/numactl/2.0.14-GCCcore-11.2.0/lib] ==> [/usr/ebuild/installs/software/numactl/2.0.14-GCCcore-11.2.0/lib]
  collapse library dir [/usr/ebuild/installs/software/binutils/2.37-GCCcore-11.2.0/lib] ==> [/usr/ebuild/installs/software/binutils/2.37-GCCcore-11.2.0/lib]
  collapse library dir [/usr/ebuild/software/emerald/software/GCCcore/11.3.0/bin/../lib/gcc/x86_64-pc-linux-gnu/11.3.0/../../..] ==> [/usr/ebuild/software/emerald/software/GCCcore/11.3.0/lib]
  implicit libs: [gcc;gcc_s;c;gcc;gcc_s]
  implicit dirs: [/usr/ebuild/software/emerald/software/GCCcore/11.3.0/lib/gcc/x86_64-pc-linux-gnu/11.3.0;/usr/ebuild/software/emerald/software/GCCcore/11.3.0/lib/gcc;/usr/ebuild/installs/software/DCMTK/3.6.7-GCCcore-11.3.0/lib64;/usr/ebuild/installs/software/libxml2/2.9.13-GCCcore-11.3.0/lib64;/usr/ebuild/installs/software/XZ/5.2.5-GCCcore-11.3.0/lib64;/usr/ebuild/installs/software/libpng/1.6.37-GCCcore-11.3.0/lib64;/usr/ebuild/installs/software/zlib/1.2.12-GCCcore-11.3.0/lib64;/usr/ebuild/installs/software/ROOT/6.24.06-foss-2021b/lib64;/cm/shared/apps/slurm/current/lib64;/usr/ebuild/installs/software/libiconv/1.17-GCCcore-11.3.0/lib64;/usr/ebuild/installs/software/LibTIFF/4.3.0-GCCcore-11.3.0/lib64;/usr/ebuild/installs/software/libdeflate/1.10-GCCcore-11.3.0/lib64;/usr/ebuild/installs/software/zstd/1.5.2-GCCcore-11.3.0/lib64;/usr/ebuild/installs/software/lz4/1.9.3-GCCcore-11.3.0/lib64;/usr/ebuild/installs/software/jbigkit/2.1-GCCcore-11.3.0/lib64;/usr/ebuild/installs/software/libjpeg-turbo/2.1.3-GCCcore-11.3.0/lib64;/usr/ebuild/installs/software/GL2PS/1.4.2-GCCcore-11.2.0/lib64;/usr/ebuild/installs/software/freeglut/3.2.1-GCCcore-11.2.0/lib64;/usr/ebuild/installs/software/libGLU/9.0.2-GCCcore-11.2.0/lib64;/usr/ebuild/installs/software/Mesa/21.1.7-GCCcore-11.2.0/lib64;/usr/ebuild/installs/software/LLVM/12.0.1-GCCcore-11.2.0/lib64;/usr/ebuild/installs/software/libunwind/1.5.0-GCCcore-11.2.0/lib64;/usr/ebuild/installs/software/libglvnd/1.3.3-GCCcore-11.2.0/lib64;/usr/ebuild/installs/software/libdrm/2.4.107-GCCcore-11.2.0/lib64;/usr/ebuild/installs/software/X11/20210802-GCCcore-11.2.0/lib64;/usr/ebuild/installs/software/fontconfig/2.13.94-GCCcore-11.2.0/lib64;/usr/ebuild/installs/software/util-linux/2.37-GCCcore-11.2.0/lib64;/usr/ebuild/installs/software/expat/2.4.1-GCCcore-11.2.0/lib64;/usr/ebuild/installs/software/SciPy-bundle/2021.10-foss-2021b/lib64;/usr/ebuild/installs/software/Python/3.9.6-GCCcore-11.2.0/lib64;/usr/ebuild/installs/software/libffi/3.4.2-GCCcore-11.2.0/lib64;/usr/ebuild/installs/software/GMP/6.2.1-GCCcore-11.2.0/lib64;/usr/ebuild/installs/software/SQLite/3.36-GCCcore-11.2.0/lib64;/usr/ebuild/installs/software/Tcl/8.6.11-GCCcore-11.2.0/lib64;/usr/ebuild/installs/software/libreadline/8.1-GCCcore-11.2.0/lib64;/usr/ebuild/installs/software/ncurses/6.2-GCCcore-11.2.0/lib64;/usr/ebuild/installs/software/freetype/2.11.0-GCCcore-11.2.0/lib64;/usr/ebuild/installs/software/Brotli/1.0.9-GCCcore-11.2.0/lib64;/usr/ebuild/installs/software/CFITSIO/3.49-GCCcore-11.2.0/lib64;/usr/ebuild/installs/software/cURL/7.78.0-GCCcore-11.2.0/lib64;/usr/ebuild/installs/software/PCRE/8.45-GCCcore-11.2.0/lib64;/usr/ebuild/installs/software/bzip2/1.0.8-GCCcore-11.2.0/lib64;/usr/ebuild/installs/software/GSL/2.7-GCC-11.2.0/lib64;/usr/ebuild/installs/software/ScaLAPACK/2.1.0-gompi-2021b-fb/lib64;/usr/ebuild/installs/software/FFTW/3.3.10-gompi-2021b/lib64;/usr/ebuild/installs/software/FlexiBLAS/3.0.4-GCC-11.2.0/lib64;/usr/ebuild/installs/software/OpenBLAS/0.3.18-GCC-11.2.0/lib64;/usr/ebuild/installs/software/OpenMPI/4.1.1-GCC-11.2.0/lib64;/usr/ebuild/installs/software/PMIx/4.1.0-GCCcore-11.2.0/lib64;/usr/ebuild/installs/software/libfabric/1.13.2-GCCcore-11.2.0/lib64;/usr/ebuild/installs/software/UCX/1.11.2-GCCcore-11.2.0/lib64;/usr/ebuild/installs/software/libevent/2.1.12-GCCcore-11.2.0/lib64;/usr/ebuild/installs/software/OpenSSL/1.1/lib64;/usr/ebuild/installs/software/hwloc/2.5.0-GCCcore-11.2.0/lib64;/usr/ebuild/installs/software/libpciaccess/0.16-GCCcore-11.2.0/lib64;/usr/ebuild/installs/software/numactl/2.0.14-GCCcore-11.2.0/lib64;/usr/ebuild/installs/software/binutils/2.37-GCCcore-11.2.0/lib64;/usr/ebuild/software/emerald/software/GCCcore/11.3.0/lib64;/lib64;/usr/lib64;/usr/ebuild/installs/software/DCMTK/3.6.7-GCCcore-11.3.0/lib;/usr/ebuild/installs/software/libxml2/2.9.13-GCCcore-11.3.0/lib;/usr/ebuild/installs/software/XZ/5.2.5-GCCcore-11.3.0/lib;/usr/ebuild/installs/software/libpng/1.6.37-GCCcore-11.3.0/lib;/usr/ebuild/installs/software/zlib/1.2.12-GCCcore-11.3.0/lib;/usr/ebuild/installs/software/ROOT/6.24.06-foss-2021b/lib;/cm/shared/apps/slurm/current/lib64/slurm;/usr/ebuild/installs/software/libiconv/1.17-GCCcore-11.3.0/lib;/usr/ebuild/installs/software/LibTIFF/4.3.0-GCCcore-11.3.0/lib;/usr/ebuild/installs/software/libdeflate/1.10-GCCcore-11.3.0/lib;/usr/ebuild/installs/software/zstd/1.5.2-GCCcore-11.3.0/lib;/usr/ebuild/installs/software/lz4/1.9.3-GCCcore-11.3.0/lib;/usr/ebuild/installs/software/jbigkit/2.1-GCCcore-11.3.0/lib;/usr/ebuild/installs/software/libjpeg-turbo/2.1.3-GCCcore-11.3.0/lib;/usr/ebuild/installs/software/GL2PS/1.4.2-GCCcore-11.2.0/lib;/usr/ebuild/installs/software/freeglut/3.2.1-GCCcore-11.2.0/lib;/usr/ebuild/installs/software/libGLU/9.0.2-GCCcore-11.2.0/lib;/usr/ebuild/installs/software/Mesa/21.1.7-GCCcore-11.2.0/lib;/usr/ebuild/installs/software/LLVM/12.0.1-GCCcore-11.2.0/lib;/usr/ebuild/installs/software/libunwind/1.5.0-GCCcore-11.2.0/lib;/usr/ebuild/installs/software/libglvnd/1.3.3-GCCcore-11.2.0/lib;/usr/ebuild/installs/software/libdrm/2.4.107-GCCcore-11.2.0/lib;/usr/ebuild/installs/software/X11/20210802-GCCcore-11.2.0/lib;/usr/ebuild/installs/software/fontconfig/2.13.94-GCCcore-11.2.0/lib;/usr/ebuild/installs/software/util-linux/2.37-GCCcore-11.2.0/lib;/usr/ebuild/installs/software/expat/2.4.1-GCCcore-11.2.0/lib;/usr/ebuild/installs/software/SciPy-bundle/2021.10-foss-2021b/lib/python3.9/site-packages/numpy/core/lib;/usr/ebuild/installs/software/SciPy-bundle/2021.10-foss-2021b/lib;/usr/ebuild/installs/software/Python/3.9.6-GCCcore-11.2.0/lib;/usr/ebuild/installs/software/libffi/3.4.2-GCCcore-11.2.0/lib;/usr/ebuild/installs/software/GMP/6.2.1-GCCcore-11.2.0/lib;/usr/ebuild/installs/software/SQLite/3.36-GCCcore-11.2.0/lib;/usr/ebuild/installs/software/Tcl/8.6.11-GCCcore-11.2.0/lib;/usr/ebuild/installs/software/libreadline/8.1-GCCcore-11.2.0/lib;/usr/ebuild/installs/software/ncurses/6.2-GCCcore-11.2.0/lib;/usr/ebuild/installs/software/freetype/2.11.0-GCCcore-11.2.0/lib;/usr/ebuild/installs/software/Brotli/1.0.9-GCCcore-11.2.0/lib;/usr/ebuild/installs/software/CFITSIO/3.49-GCCcore-11.2.0/lib;/usr/ebuild/installs/software/cURL/7.78.0-GCCcore-11.2.0/lib;/usr/ebuild/installs/software/PCRE/8.45-GCCcore-11.2.0/lib;/usr/ebuild/installs/software/bzip2/1.0.8-GCCcore-11.2.0/lib;/usr/ebuild/installs/software/GSL/2.7-GCC-11.2.0/lib;/usr/ebuild/installs/software/ScaLAPACK/2.1.0-gompi-2021b-fb/lib;/usr/ebuild/installs/software/FFTW/3.3.10-gompi-2021b/lib;/usr/ebuild/installs/software/FlexiBLAS/3.0.4-GCC-11.2.0/lib;/usr/ebuild/installs/software/OpenBLAS/0.3.18-GCC-11.2.0/lib;/usr/ebuild/installs/software/OpenMPI/4.1.1-GCC-11.2.0/lib;/usr/ebuild/installs/software/PMIx/4.1.0-GCCcore-11.2.0/lib;/usr/ebuild/installs/software/libfabric/1.13.2-GCCcore-11.2.0/lib;/usr/ebuild/installs/software/UCX/1.11.2-GCCcore-11.2.0/lib;/usr/ebuild/installs/software/libevent/2.1.12-GCCcore-11.2.0/lib;/usr/ebuild/installs/software/OpenSSL/1.1/lib;/usr/ebuild/installs/software/hwloc/2.5.0-GCCcore-11.2.0/lib;/usr/ebuild/installs/software/libpciaccess/0.16-GCCcore-11.2.0/lib;/usr/ebuild/installs/software/numactl/2.0.14-GCCcore-11.2.0/lib;/usr/ebuild/installs/software/binutils/2.37-GCCcore-11.2.0/lib;/usr/ebuild/software/emerald/software/GCCcore/11.3.0/lib]
  implicit fwks: []


Determining if the CXX compiler works passed with the following output:
Change Dir: /home/hs50610/team2/team2_PJMC/PJMC_READY/CMakeFiles/CMakeTmp

Run Build Command(s):/usr/bin/gmake cmTC_f9899/fast && /usr/bin/gmake -f CMakeFiles/cmTC_f9899.dir/build.make CMakeFiles/cmTC_f9899.dir/build
gmake[1]: Entering directory '/umbc/rs/cybertrn/reu2025/team2/team2_PJMC/PJMC_READY/CMakeFiles/CMakeTmp'
Building CXX object CMakeFiles/cmTC_f9899.dir/testCXXCompiler.cxx.o
/usr/ebuild/installs/software/GCCcore/11.3.0/bin/c++     -o CMakeFiles/cmTC_f9899.dir/testCXXCompiler.cxx.o -c /home/hs50610/team2/team2_PJMC/PJMC_READY/CMakeFiles/CMakeTmp/testCXXCompiler.cxx
Linking CXX executable cmTC_f9899
/cm/shared/apps/CMake/3.17.0/bin/cmake -E cmake_link_script CMakeFiles/cmTC_f9899.dir/link.txt --verbose=1
/usr/ebuild/installs/software/GCCcore/11.3.0/bin/c++       -rdynamic CMakeFiles/cmTC_f9899.dir/testCXXCompiler.cxx.o  -o cmTC_f9899 
gmake[1]: Leaving directory '/umbc/rs/cybertrn/reu2025/team2/team2_PJMC/PJMC_READY/CMakeFiles/CMakeTmp'



Detecting CXX compiler ABI info compiled with the following output:
Change Dir: /home/hs50610/team2/team2_PJMC/PJMC_READY/CMakeFiles/CMakeTmp

Run Build Command(s):/usr/bin/gmake cmTC_eddd1/fast && /usr/bin/gmake -f CMakeFiles/cmTC_eddd1.dir/build.make CMakeFiles/cmTC_eddd1.dir/build
gmake[1]: Entering directory '/umbc/rs/cybertrn/reu2025/team2/team2_PJMC/PJMC_READY/CMakeFiles/CMakeTmp'
Building CXX object CMakeFiles/cmTC_eddd1.dir/CMakeCXXCompilerABI.cpp.o
/usr/ebuild/installs/software/GCCcore/11.3.0/bin/c++    -v -o CMakeFiles/cmTC_eddd1.dir/CMakeCXXCompilerABI.cpp.o -c /cm/shared/apps/CMake/3.17.0/share/cmake-3.17/Modules/CMakeCXXCompilerABI.cpp
Using built-in specs.
COLLECT_GCC=/usr/ebuild/installs/software/GCCcore/11.3.0/bin/c++
OFFLOAD_TARGET_NAMES=nvptx-none
Target: x86_64-pc-linux-gnu
Configured with: ../configure --enable-languages=c,c++,fortran --without-cuda-driver --enable-offload-targets=nvptx-none --enable-lto --enable-checking=release --disable-multilib --enable-shared=yes --enable-static=yes --enable-threads=posix --enable-plugins --enable-gold --enable-ld=default --prefix=/usr/ebuild/installs/software/GCCcore/11.3.0 --with-local-prefix=/usr/ebuild/installs/software/GCCcore/11.3.0 --enable-bootstrap --with-isl=/scratch/ebuild/GCCcore/11.3.0/system-system/gcc-11.3.0/stage2_stuff --build=x86_64-pc-linux-gnu --host=x86_64-pc-linux-gnu
Thread model: posix
Supported LTO compression algorithms: zlib zstd
gcc version 11.3.0 (GCC) 
COLLECT_GCC_OPTIONS='-v' '-o' 'CMakeFiles/cmTC_eddd1.dir/CMakeCXXCompilerABI.cpp.o' '-c' '-shared-libgcc' '-mtune=generic' '-march=x86-64' '-dumpdir' 'CMakeFiles/cmTC_eddd1.dir/'
 /usr/ebuild/software/emerald/software/GCCcore/11.3.0/bin/../libexec/gcc/x86_64-pc-linux-gnu/11.3.0/cc1plus -quiet -v -iprefix /usr/ebuild/software/emerald/software/GCCcore/11.3.0/bin/../lib/gcc/x86_64-pc-linux-gnu/11.3.0/ -D_GNU_SOURCE /cm/shared/apps/CMake/3.17.0/share/cmake-3.17/Modules/CMakeCXXCompilerABI.cpp -quiet -dumpdir CMakeFiles/cmTC_eddd1.dir/ -dumpbase CMakeCXXCompilerABI.cpp.cpp -dumpbase-ext .cpp -mtune=generic -march=x86-64 -version -o /tmp/cc3FQFyk.s
GNU C++17 (GCC) version 11.3.0 (x86_64-pc-linux-gnu)
	compiled by GNU C version 11.3.0, GMP version 6.2.1, MPFR version 4.1.0, MPC version 1.2.1, isl version isl-0.24-GMP

GGC heuristics: --param ggc-min-expand=100 --param ggc-min-heapsize=131072
ignoring nonexistent directory "/usr/ebuild/software/emerald/software/GCCcore/11.3.0/bin/../lib/gcc/x86_64-pc-linux-gnu/11.3.0/../../../../x86_64-pc-linux-gnu/include"
ignoring duplicate directory "/usr/ebuild/software/emerald/software/GCCcore/11.3.0/bin/../lib/gcc/../../lib/gcc/x86_64-pc-linux-gnu/11.3.0/../../../../include/c++/11.3.0"
ignoring duplicate directory "/usr/ebuild/software/emerald/software/GCCcore/11.3.0/bin/../lib/gcc/../../lib/gcc/x86_64-pc-linux-gnu/11.3.0/../../../../include/c++/11.3.0/x86_64-pc-linux-gnu"
ignoring duplicate directory "/usr/ebuild/software/emerald/software/GCCcore/11.3.0/bin/../lib/gcc/../../lib/gcc/x86_64-pc-linux-gnu/11.3.0/../../../../include/c++/11.3.0/backward"
ignoring duplicate directory "/usr/ebuild/software/emerald/software/GCCcore/11.3.0/bin/../lib/gcc/../../lib/gcc/x86_64-pc-linux-gnu/11.3.0/include"
ignoring duplicate directory "/usr/ebuild/software/emerald/software/GCCcore/11.3.0/bin/../lib/gcc/../../lib/gcc/x86_64-pc-linux-gnu/11.3.0/include-fixed"
ignoring nonexistent directory "/usr/ebuild/software/emerald/software/GCCcore/11.3.0/bin/../lib/gcc/../../lib/gcc/x86_64-pc-linux-gnu/11.3.0/../../../../x86_64-pc-linux-gnu/include"
ignoring nonexistent directory "/cm/shared/apps/slurm/current/include"
#include "..." search starts here:
#include <...> search starts here:
 /usr/ebuild/installs/software/DCMTK/3.6.7-GCCcore-11.3.0/include
 /usr/ebuild/installs/software/libxml2/2.9.13-GCCcore-11.3.0/include/libxml2
 /usr/ebuild/installs/software/libxml2/2.9.13-GCCcore-11.3.0/include
 /usr/ebuild/installs/software/XZ/5.2.5-GCCcore-11.3.0/include
 /usr/ebuild/installs/software/libpng/1.6.37-GCCcore-11.3.0/include
 /usr/ebuild/installs/software/zlib/1.2.12-GCCcore-11.3.0/include
 /usr/ebuild/installs/software/ROOT/6.24.06-foss-2021b/include
 /usr/ebuild/installs/software/libiconv/1.17-GCCcore-11.3.0/include
 /usr/ebuild/installs/software/LibTIFF/4.3.0-GCCcore-11.3.0/include
 /usr/ebuild/installs/software/libdeflate/1.10-GCCcore-11.3.0/include
 /usr/ebuild/installs/software/zstd/1.5.2-GCCcore-11.3.0/include
 /usr/ebuild/installs/software/lz4/1.9.3-GCCcore-11.3.0/include
 /usr/ebuild/installs/software/jbigkit/2.1-GCCcore-11.3.0/include
 /usr/ebuild/installs/software/libjpeg-turbo/2.1.3-GCCcore-11.3.0/include
 /usr/ebuild/installs/software/GL2PS/1.4.2-GCCcore-11.2.0/include
 /usr/ebuild/installs/software/freeglut/3.2.1-GCCcore-11.2.0/include
 /usr/ebuild/installs/software/libGLU/9.0.2-GCCcore-11.2.0/include
 /usr/ebuild/installs/software/Mesa/21.1.7-GCCcore-11.2.0/include
 /usr/ebuild/installs/software/LLVM/12.0.1-GCCcore-11.2.0/include
 /usr/ebuild/installs/software/libunwind/1.5.0-GCCcore-11.2.0/include
 /usr/ebuild/installs/software/libglvnd/1.3.3-GCCcore-11.2.0/include
 /usr/ebuild/installs/software/libdrm/2.4.107-GCCcore-11.2.0/include
 /usr/ebuild/installs/software/X11/20210802-GCCcore-11.2.0/include
 /usr/ebuild/installs/software/fontconfig/2.13.94-GCCcore-11.2.0/include
 /usr/ebuild/installs/software/util-linux/2.37-GCCcore-11.2.0/include
 /usr/ebuild/installs/software/expat/2.4.1-GCCcore-11.2.0/include
 /usr/ebuild/installs/software/SciPy-bundle/2021.10-foss-2021b/lib/python3.9/site-packages/numpy/core/include
 /usr/ebuild/installs/software/pybind11/2.7.1-GCCcore-11.2.0/include
 /usr/ebuild/installs/software/Python/3.9.6-GCCcore-11.2.0/include
 /usr/ebuild/installs/software/libffi/3.4.2-GCCcore-11.2.0/include
 /usr/ebuild/installs/software/GMP/6.2.1-GCCcore-11.2.0/include
 /usr/ebuild/installs/software/SQLite/3.36-GCCcore-11.2.0/include
 /usr/ebuild/installs/software/Tcl/8.6.11-GCCcore-11.2.0/include
 /usr/ebuild/installs/software/libreadline/8.1-GCCcore-11.2.0/include
 /usr/ebuild/installs/software/ncurses/6.2-GCCcore-11.2.0/include
 /usr/ebuild/installs/software/freetype/2.11.0-GCCcore-11.2.0/include/freetype2
 /usr/ebuild/installs/software/Brotli/1.0.9-GCCcore-11.2.0/include
 /usr/ebuild/installs/software/CFITSIO/3.49-GCCcore-11.2.0/include
 /usr/ebuild/installs/software/cURL/7.78.0-GCCcore-11.2.0/include
 /usr/ebuild/installs/software/PCRE/8.45-GCCcore-11.2.0/include
 /usr/ebuild/installs/software/bzip2/1.0.8-GCCcore-11.2.0/include
 /usr/ebuild/installs/software/GSL/2.7-GCC-11.2.0/include
 /usr/ebuild/installs/software/FFTW/3.3.10-gompi-2021b/include
 /usr/ebuild/installs/software/FlexiBLAS/3.0.4-GCC-11.2.0/include
 /usr/ebuild/installs/software/OpenBLAS/0.3.18-GCC-11.2.0/include
 /usr/ebuild/installs/software/OpenMPI/4.1.1-GCC-11.2.0/include
 /usr/ebuild/installs/software/PMIx/4.1.0-GCCcore-11.2.0/include
 /usr/ebuild/installs/software/libfabric/1.13.2-GCCcore-11.2.0/include
 /usr/ebuild/installs/software/UCX/1.11.2-GCCcore-11.2.0/include
 /usr/ebuild/installs/software/libevent/2.1.12-GCCcore-11.2.0/include
 /usr/ebuild/installs/software/OpenSSL/1.1/include
 /usr/ebuild/installs/software/hwloc/2.5.0-GCCcore-11.2.0/include
 /usr/ebuild/installs/software/libpciaccess/0.16-GCCcore-11.2.0/include
 /usr/ebuild/installs/software/numactl/2.0.14-GCCcore-11.2.0/include
 /usr/ebuild/installs/software/binutils/2.37-GCCcore-11.2.0/include
 /usr/ebuild/software/emerald/software/GCCcore/11.3.0/bin/../lib/gcc/x86_64-pc-linux-gnu/11.3.0/../../../../include/c++/11.3.0
 /usr/ebuild/software/emerald/software/GCCcore/11.3.0/bin/../lib/gcc/x86_64-pc-linux-gnu/11.3.0/../../../../include/c++/11.3.0/x86_64-pc-linux-gnu
 /usr/ebuild/software/emerald/software/GCCcore/11.3.0/bin/../lib/gcc/x86_64-pc-linux-gnu/11.3.0/../../../../include/c++/11.3.0/backward
 /usr/ebuild/software/emerald/software/GCCcore/11.3.0/bin/../lib/gcc/x86_64-pc-linux-gnu/11.3.0/include
 /usr/ebuild/software/emerald/software/GCCcore/11.3.0/bin/../lib/gcc/x86_64-pc-linux-gnu/11.3.0/include-fixed
 /usr/ebuild/installs/software/GCCcore/11.3.0/include
 /usr/include
End of search list.
GNU C++17 (GCC) version 11.3.0 (x86_64-pc-linux-gnu)
	compiled by GNU C version 11.3.0, GMP version 6.2.1, MPFR version 4.1.0, MPC version 1.2.1, isl version isl-0.24-GMP

GGC heuristics: --param ggc-min-expand=100 --param ggc-min-heapsize=131072
Compiler executable checksum: 26de7f1682298e857943e85324452be0
COLLECT_GCC_OPTIONS='-v' '-o' 'CMakeFiles/cmTC_eddd1.dir/CMakeCXXCompilerABI.cpp.o' '-c' '-shared-libgcc' '-mtune=generic' '-march=x86-64' '-dumpdir' 'CMakeFiles/cmTC_eddd1.dir/'
 as -v --64 -o CMakeFiles/cmTC_eddd1.dir/CMakeCXXCompilerABI.cpp.o /tmp/cc3FQFyk.s
GNU assembler version 2.37 (x86_64-pc-linux-gnu) using BFD version (GNU Binutils) 2.37
COMPILER_PATH=/usr/ebuild/software/emerald/software/GCCcore/11.3.0/bin/../libexec/gcc/x86_64-pc-linux-gnu/11.3.0/:/usr/ebuild/software/emerald/software/GCCcore/11.3.0/bin/../libexec/gcc/
LIBRARY_PATH=/usr/ebuild/software/emerald/software/GCCcore/11.3.0/bin/../lib/gcc/x86_64-pc-linux-gnu/11.3.0/:/usr/ebuild/software/emerald/software/GCCcore/11.3.0/bin/../lib/gcc/:/usr/ebuild/installs/software/DCMTK/3.6.7-GCCcore-11.3.0/lib/../lib64/:/usr/ebuild/installs/software/libxml2/2.9.13-GCCcore-11.3.0/lib/../lib64/:/usr/ebuild/installs/software/XZ/5.2.5-GCCcore-11.3.0/lib/../lib64/:/usr/ebuild/installs/software/libpng/1.6.37-GCCcore-11.3.0/lib/../lib64/:/usr/ebuild/installs/software/zlib/1.2.12-GCCcore-11.3.0/lib/../lib64/:/usr/ebuild/installs/software/ROOT/6.24.06-foss-2021b/lib/../lib64/:/cm/shared/apps/slurm/current/lib64/../lib64/:/usr/ebuild/installs/software/libiconv/1.17-GCCcore-11.3.0/lib/../lib64/:/usr/ebuild/installs/software/LibTIFF/4.3.0-GCCcore-11.3.0/lib/../lib64/:/usr/ebuild/installs/software/libdeflate/1.10-GCCcore-11.3.0/lib/../lib64/:/usr/ebuild/installs/software/zstd/1.5.2-GCCcore-11.3.0/lib/../lib64/:/usr/ebuild/installs/software/lz4/1.9.3-GCCcore-11.3.0/lib/../lib64/:/usr/ebuild/installs/software/jbigkit/2.1-GCCcore-11.3.0/lib/../lib64/:/usr/ebuild/installs/software/libjpeg-turbo/2.1.3-GCCcore-11.3.0/lib/../lib64/:/usr/ebuild/installs/software/GL2PS/1.4.2-GCCcore-11.2.0/lib/../lib64/:/usr/ebuild/installs/software/freeglut/3.2.1-GCCcore-11.2.0/lib/../lib64/:/usr/ebuild/installs/software/libGLU/9.0.2-GCCcore-11.2.0/lib/../lib64/:/usr/ebuild/installs/software/Mesa/21.1.7-GCCcore-11.2.0/lib/../lib64/:/usr/ebuild/installs/software/LLVM/12.0.1-GCCcore-11.2.0/lib/../lib64/:/usr/ebuild/installs/software/libunwind/1.5.0-GCCcore-11.2.0/lib/../lib64/:/usr/ebuild/installs/software/libglvnd/1.3.3-GCCcore-11.2.0/lib/../lib64/:/usr/ebuild/installs/software/libdrm/2.4.107-GCCcore-11.2.0/lib/../lib64/:/usr/ebuild/installs/software/X11/20210802-GCCcore-11.2.0/lib/../lib64/:/usr/ebuild/installs/software/fontconfig/2.13.94-GCCcore-11.2.0/lib/../lib64/:/usr/ebuild/installs/software/util-linux/2.37-GCCcore-11.2.0/lib/../lib64/:/usr/ebuild/installs/software/expat/2.4.1-GCCcore-11.2.0/lib/../lib64/:/usr/ebuild/installs/software/SciPy-bundle/2021.10-foss-2021b/lib/../lib64/:/usr/ebuild/installs/software/Python/3.9.6-GCCcore-11.2.0/lib/../lib64/:/usr/ebuild/installs/software/libffi/3.4.2-GCCcore-11.2.0/lib64/../lib64/:/usr/ebuild/installs/software/libffi/3.4.2-GCCcore-11.2.0/lib/../lib64/:/usr/ebuild/installs/software/GMP/6.2.1-GCCcore-11.2.0/lib/../lib64/:/usr/ebuild/installs/software/SQLite/3.36-GCCcore-11.2.0/lib/../lib64/:/usr/ebuild/installs/software/Tcl/8.6.11-GCCcore-11.2.0/lib/../lib64/:/usr/ebuild/installs/software/libreadline/8.1-GCCcore-11.2.0/lib/../lib64/:/usr/ebuild/installs/software/ncurses/6.2-GCCcore-11.2.0/lib/../lib64/:/usr/ebuild/installs/software/freetype/2.11.0-GCCcore-11.2.0/lib/../lib64/:/usr/ebuild/installs/software/Brotli/1.0.9-GCCcore-11.2.0/lib/../lib64/:/usr/ebuild/installs/software/CFITSIO/3.49-GCCcore-11.2.0/lib/../lib64/:/usr/ebuild/installs/software/cURL/7.78.0-GCCcore-11.2.0/lib/../lib64/:/usr/ebuild/installs/software/PCRE/8.45-GCCcore-11.2.0/lib/../lib64/:/usr/ebuild/installs/software/bzip2/1.0.8-GCCcore-11.2.0/lib/../lib64/:/usr/ebuild/installs/software/GSL/2.7-GCC-11.2.0/lib/../lib64/:/usr/ebuild/installs/software/ScaLAPACK/2.1.0-gompi-2021b-fb/lib/../lib64/:/usr/ebuild/installs/software/FFTW/3.3.10-gompi-2021b/lib/../lib64/:/usr/ebuild/installs/software/FlexiBLAS/3.0.4-GCC-11.2.0/lib/../lib64/:/usr/ebuild/installs/software/OpenBLAS/0.3.18-GCC-11.2.0/lib/../lib64/:/usr/ebuild/installs/software/OpenMPI/4.1.1-GCC-11.2.0/lib/../lib64/:/usr/ebuild/installs/software/PMIx/4.1.0-GCCcore-11.2.0/lib/../lib64/:/usr/ebuild/installs/software/libfabric/1.13.2-GCCcore-11.2.0/lib/../lib64/:/usr/ebuild/installs/software/UCX/1.11.2-GCCcore-11.2.0/lib/../lib64/:/usr/ebuild/installs/software/libevent/2.1.12-GCCcore-11.2.0/lib/../lib64/:/usr/ebuild/installs/software/OpenSSL/1.1/lib/../lib64/:/usr/ebuild/installs/software/hwloc/2.5.0-GCCcore-11.2.0/lib/../lib64/:/usr/ebuild/installs/software/libpciaccess/0.16-GCCcore-11.2.0/lib/../lib64/:/usr/ebuild/installs/software/numactl/2.0.14-GCCcore-11.2.0/lib/../lib64/:/usr/ebuild/installs/software/binutils/2.37-GCCcore-11.2.0/lib/../lib64/:/usr/ebuild/software/emerald/software/GCCcore/11.3.0/bin/../lib/gcc/x86_64-pc-linux-gnu/11.3.0/../../../../lib64/:/lib/../lib64/:/usr/lib/../lib64/:/usr/ebuild/installs/software/DCMTK/3.6.7-GCCcore-11.3.0/lib/:/usr/ebuild/installs/software/libxml2/2.9.13-GCCcore-11.3.0/lib/:/usr/ebuild/installs/software/XZ/5.2.5-GCCcore-11.3.0/lib/:/usr/ebuild/installs/software/libpng/1.6.37-GCCcore-11.3.0/lib/:/usr/ebuild/installs/software/zlib/1.2.12-GCCcore-11.3.0/lib/:/usr/ebuild/installs/software/ROOT/6.24.06-foss-2021b/lib/:/cm/shared/apps/slurm/current/lib64/slurm/:/cm/shared/apps/slurm/current/lib64/:/usr/ebuild/installs/software/libiconv/1.17-GCCcore-11.3.0/lib/:/usr/ebuild/installs/software/LibTIFF/4.3.0-GCCcore-11.3.0/lib/:/usr/ebuild/installs/software/libdeflate/1.10-GCCcore-11.3.0/lib/:/usr/ebuild/installs/software/zstd/1.5.2-GCCcore-11.3.0/lib/:/usr/ebuild/installs/software/lz4/1.9.3-GCCcore-11.3.0/lib/:/usr/ebuild/installs/software/jbigkit/2.1-GCCcore-11.3.0/lib/:/usr/ebuild/installs/software/libjpeg-turbo/2.1.3-GCCcore-11.3.0/lib/:/usr/ebuild/installs/software/GL2PS/1.4.2-GCCcore-11.2.0/lib/:/usr/ebuild/installs/software/freeglut/3.2.1-GCCcore-11.2.0/lib/:/usr/ebuild/installs/software/libGLU/9.0.2-GCCcore-11.2.0/lib/:/usr/ebuild/installs/software/Mesa/21.1.7-GCCcore-11.2.0/lib/:/usr/ebuild/installs/software/LLVM/12.0.1-GCCcore-11.2.0/lib/:/usr/ebuild/installs/software/libunwind/1.5.0-GCCcore-11.2.0/lib/:/usr/ebuild/installs/software/libglvnd/1.3.3-GCCcore-11.2.0/lib/:/usr/ebuild/installs/software/libdrm/2.4.107-GCCcore-11.2.0/lib/:/usr/ebuild/installs/software/X11/20210802-GCCcore-11.2.0/lib/:/usr/ebuild/installs/software/fontconfig/2.13.94-GCCcore-11.2.0/lib/:/usr/ebuild/installs/software/util-linux/2.37-GCCcore-11.2.0/lib/:/usr/ebuild/installs/software/expat/2.4.1-GCCcore-11.2.0/lib/:/usr/ebuild/installs/software/SciPy-bundle/2021.10-foss-2021b/lib/python3.9/site-packages/numpy/core/lib/:/usr/ebuild/installs/software/SciPy-bundle/2021.10-foss-2021b/lib/:/usr/ebuild/installs/software/Python/3.9.6-GCCcore-11.2.0/lib/:/usr/ebuild/installs/software/libffi/3.4.2-GCCcore-11.2.0/lib64/:/usr/ebuild/installs/software/libffi/3.4.2-GCCcore-11.2.0/lib/:/usr/ebuild/installs/software/GMP/6.2.1-GCCcore-11.2.0/lib/:/usr/ebuild/installs/software/SQLite/3.36-GCCcore-11.2.0/lib/:/usr/ebuild/installs/software/Tcl/8.6.11-GCCcore-11.2.0/lib/:/usr/ebuild/installs/software/libreadline/8.1-GCCcore-11.2.0/lib/:/usr/ebuild/installs/software/ncurses/6.2-GCCcore-11.2.0/lib/:/usr/ebuild/installs/software/freetype/2.11.0-GCCcore-11.2.0/lib/:/usr/ebuild/installs/software/Brotli/1.0.9-GCCcore-11.2.0/lib/:/usr/ebuild/installs/software/CFITSIO/3.49-GCCcore-11.2.0/lib/:/usr/ebuild/installs/software/cURL/7.78.0-GCCcore-11.2.0/lib/:/usr/ebuild/installs/software/PCRE/8.45-GCCcore-11.2.0/lib/:/usr/ebuild/installs/software/bzip2/1.0.8-GCCcore-11.2.0/lib/:/usr/ebuild/installs/software/GSL/2.7-GCC-11.2.0/lib/:/usr/ebuild/installs/software/ScaLAPACK/2.1.0-gompi-2021b-fb/lib/:/usr/ebuild/installs/software/FFTW/3.3.10-gompi-2021b/lib/:/usr/ebuild/installs/software/FlexiBLAS/3.0.4-GCC-11.2.0/lib/:/usr/ebuild/installs/software/OpenBLAS/0.3.18-GCC-11.2.0/lib/:/usr/ebuild/installs/software/OpenMPI/4.1.1-GCC-11.2.0/lib/:/usr/ebuild/installs/software/PMIx/4.1.0-GCCcore-11.2.0/lib/:/usr/ebuild/installs/software/libfabric/1.13.2-GCCcore-11.2.0/lib/:/usr/ebuild/installs/software/UCX/1.11.2-GCCcore-11.2.0/lib/:/usr/ebuild/installs/software/libevent/2.1.12-GCCcore-11.2.0/lib/:/usr/ebuild/installs/software/OpenSSL/1.1/lib/:/usr/ebuild/installs/software/hwloc/2.5.0-GCCcore-11.2.0/lib/:/usr/ebuild/installs/software/libpciaccess/0.16-GCCcore-11.2.0/lib/:/usr/ebuild/installs/software/numactl/2.0.14-GCCcore-11.2.0/lib/:/usr/ebuild/installs/software/binutils/2.37-GCCcore-11.2.0/lib/:/usr/ebuild/software/emerald/software/GCCcore/11.3.0/bin/../lib/gcc/x86_64-pc-linux-gnu/11.3.0/../../../:/lib/:/usr/lib/
COLLECT_GCC_OPTIONS='-v' '-o' 'CMakeFiles/cmTC_eddd1.dir/CMakeCXXCompilerABI.cpp.o' '-c' '-shared-libgcc' '-mtune=generic' '-march=x86-64' '-dumpdir' 'CMakeFiles/cmTC_eddd1.dir/CMakeCXXCompilerABI.cpp.'
Linking CXX executable cmTC_eddd1
/cm/shared/apps/CMake/3.17.0/bin/cmake -E cmake_link_script CMakeFiles/cmTC_eddd1.dir/link.txt --verbose=1
/usr/ebuild/installs/software/GCCcore/11.3.0/bin/c++      -v -rdynamic CMakeFiles/cmTC_eddd1.dir/CMakeCXXCompilerABI.cpp.o  -o cmTC_eddd1 
Using built-in specs.
COLLECT_GCC=/usr/ebuild/installs/software/GCCcore/11.3.0/bin/c++
COLLECT_LTO_WRAPPER=/usr/ebuild/software/emerald/software/GCCcore/11.3.0/bin/../libexec/gcc/x86_64-pc-linux-gnu/11.3.0/lto-wrapper
OFFLOAD_TARGET_NAMES=nvptx-none
Target: x86_64-pc-linux-gnu
Configured with: ../configure --enable-languages=c,c++,fortran --without-cuda-driver --enable-offload-targets=nvptx-none --enable-lto --enable-checking=release --disable-multilib --enable-shared=yes --enable-static=yes --enable-threads=posix --enable-plugins --enable-gold --enable-ld=default --prefix=/usr/ebuild/installs/software/GCCcore/11.3.0 --with-local-prefix=/usr/ebuild/installs/software/GCCcore/11.3.0 --enable-bootstrap --with-isl=/scratch/ebuild/GCCcore/11.3.0/system-system/gcc-11.3.0/stage2_stuff --build=x86_64-pc-linux-gnu --host=x86_64-pc-linux-gnu
Thread model: posix
Supported LTO compression algorithms: zlib zstd
gcc version 11.3.0 (GCC) 
COMPILER_PATH=/usr/ebuild/software/emerald/software/GCCcore/11.3.0/bin/../libexec/gcc/x86_64-pc-linux-gnu/11.3.0/:/usr/ebuild/software/emerald/software/GCCcore/11.3.0/bin/../libexec/gcc/
LIBRARY_PATH=/usr/ebuild/software/emerald/software/GCCcore/11.3.0/bin/../lib/gcc/x86_64-pc-linux-gnu/11.3.0/:/usr/ebuild/software/emerald/software/GCCcore/11.3.0/bin/../lib/gcc/:/usr/ebuild/installs/software/DCMTK/3.6.7-GCCcore-11.3.0/lib/../lib64/:/usr/ebuild/installs/software/libxml2/2.9.13-GCCcore-11.3.0/lib/../lib64/:/usr/ebuild/installs/software/XZ/5.2.5-GCCcore-11.3.0/lib/../lib64/:/usr/ebuild/installs/software/libpng/1.6.37-GCCcore-11.3.0/lib/../lib64/:/usr/ebuild/installs/software/zlib/1.2.12-GCCcore-11.3.0/lib/../lib64/:/usr/ebuild/installs/software/ROOT/6.24.06-foss-2021b/lib/../lib64/:/cm/shared/apps/slurm/current/lib64/../lib64/:/usr/ebuild/installs/software/libiconv/1.17-GCCcore-11.3.0/lib/../lib64/:/usr/ebuild/installs/software/LibTIFF/4.3.0-GCCcore-11.3.0/lib/../lib64/:/usr/ebuild/installs/software/libdeflate/1.10-GCCcore-11.3.0/lib/../lib64/:/usr/ebuild/installs/software/zstd/1.5.2-GCCcore-11.3.0/lib/../lib64/:/usr/ebuild/installs/software/lz4/1.9.3-GCCcore-11.3.0/lib/../lib64/:/usr/ebuild/installs/software/jbigkit/2.1-GCCcore-11.3.0/lib/../lib64/:/usr/ebuild/installs/software/libjpeg-turbo/2.1.3-GCCcore-11.3.0/lib/../lib64/:/usr/ebuild/installs/software/GL2PS/1.4.2-GCCcore-11.2.0/lib/../lib64/:/usr/ebuild/installs/software/freeglut/3.2.1-GCCcore-11.2.0/lib/../lib64/:/usr/ebuild/installs/software/libGLU/9.0.2-GCCcore-11.2.0/lib/../lib64/:/usr/ebuild/installs/software/Mesa/21.1.7-GCCcore-11.2.0/lib/../lib64/:/usr/ebuild/installs/software/LLVM/12.0.1-GCCcore-11.2.0/lib/../lib64/:/usr/ebuild/installs/software/libunwind/1.5.0-GCCcore-11.2.0/lib/../lib64/:/usr/ebuild/installs/software/libglvnd/1.3.3-GCCcore-11.2.0/lib/../lib64/:/usr/ebuild/installs/software/libdrm/2.4.107-GCCcore-11.2.0/lib/../lib64/:/usr/ebuild/installs/software/X11/20210802-GCCcore-11.2.0/lib/../lib64/:/usr/ebuild/installs/software/fontconfig/2.13.94-GCCcore-11.2.0/lib/../lib64/:/usr/ebuild/installs/software/util-linux/2.37-GCCcore-11.2.0/lib/../lib64/:/usr/ebuild/installs/software/expat/2.4.1-GCCcore-11.2.0/lib/../lib64/:/usr/ebuild/installs/software/SciPy-bundle/2021.10-foss-2021b/lib/../lib64/:/usr/ebuild/installs/software/Python/3.9.6-GCCcore-11.2.0/lib/../lib64/:/usr/ebuild/installs/software/libffi/3.4.2-GCCcore-11.2.0/lib64/../lib64/:/usr/ebuild/installs/software/libffi/3.4.2-GCCcore-11.2.0/lib/../lib64/:/usr/ebuild/installs/software/GMP/6.2.1-GCCcore-11.2.0/lib/../lib64/:/usr/ebuild/installs/software/SQLite/3.36-GCCcore-11.2.0/lib/../lib64/:/usr/ebuild/installs/software/Tcl/8.6.11-GCCcore-11.2.0/lib/../lib64/:/usr/ebuild/installs/software/libreadline/8.1-GCCcore-11.2.0/lib/../lib64/:/usr/ebuild/installs/software/ncurses/6.2-GCCcore-11.2.0/lib/../lib64/:/usr/ebuild/installs/software/freetype/2.11.0-GCCcore-11.2.0/lib/../lib64/:/usr/ebuild/installs/software/Brotli/1.0.9-GCCcore-11.2.0/lib/../lib64/:/usr/ebuild/installs/software/CFITSIO/3.49-GCCcore-11.2.0/lib/../lib64/:/usr/ebuild/installs/software/cURL/7.78.0-GCCcore-11.2.0/lib/../lib64/:/usr/ebuild/installs/software/PCRE/8.45-GCCcore-11.2.0/lib/../lib64/:/usr/ebuild/installs/software/bzip2/1.0.8-GCCcore-11.2.0/lib/../lib64/:/usr/ebuild/installs/software/GSL/2.7-GCC-11.2.0/lib/../lib64/:/usr/ebuild/installs/software/ScaLAPACK/2.1.0-gompi-2021b-fb/lib/../lib64/:/usr/ebuild/installs/software/FFTW/3.3.10-gompi-2021b/lib/../lib64/:/usr/ebuild/installs/software/FlexiBLAS/3.0.4-GCC-11.2.0/lib/../lib64/:/usr/ebuild/installs/software/OpenBLAS/0.3.18-GCC-11.2.0/lib/../lib64/:/usr/ebuild/installs/software/OpenMPI/4.1.1-GCC-11.2.0/lib/../lib64/:/usr/ebuild/installs/software/PMIx/4.1.0-GCCcore-11.2.0/lib/../lib64/:/usr/ebuild/installs/software/libfabric/1.13.2-GCCcore-11.2.0/lib/../lib64/:/usr/ebuild/installs/software/UCX/1.11.2-GCCcore-11.2.0/lib/../lib64/:/usr/ebuild/installs/software/libevent/2.1.12-GCCcore-11.2.0/lib/../lib64/:/usr/ebuild/installs/software/OpenSSL/1.1/lib/../lib64/:/usr/ebuild/installs/software/hwloc/2.5.0-GCCcore-11.2.0/lib/../lib64/:/usr/ebuild/installs/software/libpciaccess/0.16-GCCcore-11.2.0/lib/../lib64/:/usr/ebuild/installs/software/numactl/2.0.14-GCCcore-11.2.0/lib/../lib64/:/usr/ebuild/installs/software/binutils/2.37-GCCcore-11.2.0/lib/../lib64/:/usr/ebuild/software/emerald/software/GCCcore/11.3.0/bin/../lib/gcc/x86_64-pc-linux-gnu/11.3.0/../../../../lib64/:/lib/../lib64/:/usr/lib/../lib64/:/usr/ebuild/installs/software/DCMTK/3.6.7-GCCcore-11.3.0/lib/:/usr/ebuild/installs/software/libxml2/2.9.13-GCCcore-11.3.0/lib/:/usr/ebuild/installs/software/XZ/5.2.5-GCCcore-11.3.0/lib/:/usr/ebuild/installs/software/libpng/1.6.37-GCCcore-11.3.0/lib/:/usr/ebuild/installs/software/zlib/1.2.12-GCCcore-11.3.0/lib/:/usr/ebuild/installs/software/ROOT/6.24.06-foss-2021b/lib/:/cm/shared/apps/slurm/current/lib64/slurm/:/cm/shared/apps/slurm/current/lib64/:/usr/ebuild/installs/software/libiconv/1.17-GCCcore-11.3.0/lib/:/usr/ebuild/installs/software/LibTIFF/4.3.0-GCCcore-11.3.0/lib/:/usr/ebuild/installs/software/libdeflate/1.10-GCCcore-11.3.0/lib/:/usr/ebuild/installs/software/zstd/1.5.2-GCCcore-11.3.0/lib/:/usr/ebuild/installs/software/lz4/1.9.3-GCCcore-11.3.0/lib/:/usr/ebuild/installs/software/jbigkit/2.1-GCCcore-11.3.0/lib/:/usr/ebuild/installs/software/libjpeg-turbo/2.1.3-GCCcore-11.3.0/lib/:/usr/ebuild/installs/software/GL2PS/1.4.2-GCCcore-11.2.0/lib/:/usr/ebuild/installs/software/freeglut/3.2.1-GCCcore-11.2.0/lib/:/usr/ebuild/installs/software/libGLU/9.0.2-GCCcore-11.2.0/lib/:/usr/ebuild/installs/software/Mesa/21.1.7-GCCcore-11.2.0/lib/:/usr/ebuild/installs/software/LLVM/12.0.1-GCCcore-11.2.0/lib/:/usr/ebuild/installs/software/libunwind/1.5.0-GCCcore-11.2.0/lib/:/usr/ebuild/installs/software/libglvnd/1.3.3-GCCcore-11.2.0/lib/:/usr/ebuild/installs/software/libdrm/2.4.107-GCCcore-11.2.0/lib/:/usr/ebuild/installs/software/X11/20210802-GCCcore-11.2.0/lib/:/usr/ebuild/installs/software/fontconfig/2.13.94-GCCcore-11.2.0/lib/:/usr/ebuild/installs/software/util-linux/2.37-GCCcore-11.2.0/lib/:/usr/ebuild/installs/software/expat/2.4.1-GCCcore-11.2.0/lib/:/usr/ebuild/installs/software/SciPy-bundle/2021.10-foss-2021b/lib/python3.9/site-packages/numpy/core/lib/:/usr/ebuild/installs/software/SciPy-bundle/2021.10-foss-2021b/lib/:/usr/ebuild/installs/software/Python/3.9.6-GCCcore-11.2.0/lib/:/usr/ebuild/installs/software/libffi/3.4.2-GCCcore-11.2.0/lib64/:/usr/ebuild/installs/software/libffi/3.4.2-GCCcore-11.2.0/lib/:/usr/ebuild/installs/software/GMP/6.2.1-GCCcore-11.2.0/lib/:/usr/ebuild/installs/software/SQLite/3.36-GCCcore-11.2.0/lib/:/usr/ebuild/installs/software/Tcl/8.6.11-GCCcore-11.2.0/lib/:/usr/ebuild/installs/software/libreadline/8.1-GCCcore-11.2.0/lib/:/usr/ebuild/installs/software/ncurses/6.2-GCCcore-11.2.0/lib/:/usr/ebuild/installs/software/freetype/2.11.0-GCCcore-11.2.0/lib/:/usr/ebuild/installs/software/Brotli/1.0.9-GCCcore-11.2.0/lib/:/usr/ebuild/installs/software/CFITSIO/3.49-GCCcore-11.2.0/lib/:/usr/ebuild/installs/software/cURL/7.78.0-GCCcore-11.2.0/lib/:/usr/ebuild/installs/software/PCRE/8.45-GCCcore-11.2.0/lib/:/usr/ebuild/installs/software/bzip2/1.0.8-GCCcore-11.2.0/lib/:/usr/ebuild/installs/software/GSL/2.7-GCC-11.2.0/lib/:/usr/ebuild/installs/software/ScaLAPACK/2.1.0-gompi-2021b-fb/lib/:/usr/ebuild/installs/software/FFTW/3.3.10-gompi-2021b/lib/:/usr/ebuild/installs/software/FlexiBLAS/3.0.4-GCC-11.2.0/lib/:/usr/ebuild/installs/software/OpenBLAS/0.3.18-GCC-11.2.0/lib/:/usr/ebuild/installs/software/OpenMPI/4.1.1-GCC-11.2.0/lib/:/usr/ebuild/installs/software/PMIx/4.1.0-GCCcore-11.2.0/lib/:/usr/ebuild/installs/software/libfabric/1.13.2-GCCcore-11.2.0/lib/:/usr/ebuild/installs/software/UCX/1.11.2-GCCcore-11.2.0/lib/:/usr/ebuild/installs/software/libevent/2.1.12-GCCcore-11.2.0/lib/:/usr/ebuild/installs/software/OpenSSL/1.1/lib/:/usr/ebuild/installs/software/hwloc/2.5.0-GCCcore-11.2.0/lib/:/usr/ebuild/installs/software/libpciaccess/0.16-GCCcore-11.2.0/lib/:/usr/ebuild/installs/software/numactl/2.0.14-GCCcore-11.2.0/lib/:/usr/ebuild/installs/software/binutils/2.37-GCCcore-11.2.0/lib/:/usr/ebuild/software/emerald/software/GCCcore/11.3.0/bin/../lib/gcc/x86_64-pc-linux-gnu/11.3.0/../../../:/lib/:/usr/lib/
COLLECT_GCC_OPTIONS='-v' '-rdynamic' '-o' 'cmTC_eddd1' '-shared-libgcc' '-mtune=generic' '-march=x86-64' '-dumpdir' 'cmTC_eddd1.'
 /usr/ebuild/software/emerald/software/GCCcore/11.3.0/bin/../libexec/gcc/x86_64-pc-linux-gnu/11.3.0/collect2 -plugin /usr/ebuild/software/emerald/software/GCCcore/11.3.0/bin/../libexec/gcc/x86_64-pc-linux-gnu/11.3.0/liblto_plugin.so -plugin-opt=/usr/ebuild/software/emerald/software/GCCcore/11.3.0/bin/../libexec/gcc/x86_64-pc-linux-gnu/11.3.0/lto-wrapper -plugin-opt=-fresolution=/tmp/cclNkP1Z.res -plugin-opt=-pass-through=-lgcc_s -plugin-opt=-pass-through=-lgcc -plugin-opt=-pass-through=-lc -plugin-opt=-pass-through=-lgcc_s -plugin-opt=-pass-through=-lgcc --eh-frame-hdr -m elf_x86_64 -export-dynamic -dynamic-linker /lib64/ld-linux-x86-64.so.2 -o cmTC_eddd1 /lib/../lib64/crt1.o /lib/../lib64/crti.o /usr/ebuild/software/emerald/software/GCCcore/11.3.0/bin/../lib/gcc/x86_64-pc-linux-gnu/11.3.0/crtbegin.o -L/usr/ebuild/software/emerald/software/GCCcore/11.3.0/bin/../lib/gcc/x86_64-pc-linux-gnu/11.3.0 -L/usr/ebuild/software/emerald/software/GCCcore/11.3.0/bin/../lib/gcc -L/usr/ebuild/installs/software/DCMTK/3.6.7-GCCcore-11.3.0/lib/../lib64 -L/usr/ebuild/installs/software/libxml2/2.9.13-GCCcore-11.3.0/lib/../lib64 -L/usr/ebuild/installs/software/XZ/5.2.5-GCCcore-11.3.0/lib/../lib64 -L/usr/ebuild/installs/software/libpng/1.6.37-GCCcore-11.3.0/lib/../lib64 -L/usr/ebuild/installs/software/zlib/1.2.12-GCCcore-11.3.0/lib/../lib64 -L/usr/ebuild/installs/software/ROOT/6.24.06-foss-2021b/lib/../lib64 -L/cm/shared/apps/slurm/current/lib64/../lib64 -L/usr/ebuild/installs/software/libiconv/1.17-GCCcore-11.3.0/lib/../lib64 -L/usr/ebuild/installs/software/LibTIFF/4.3.0-GCCcore-11.3.0/lib/../lib64 -L/usr/ebuild/installs/software/libdeflate/1.10-GCCcore-11.3.0/lib/../lib64 -L/usr/ebuild/installs/software/zstd/1.5.2-GCCcore-11.3.0/lib/../lib64 -L/usr/ebuild/installs/software/lz4/1.9.3-GCCcore-11.3.0/lib/../lib64 -L/usr/ebuild/installs/software/jbigkit/2.1-GCCcore-11.3.0/lib/../lib64 -L/usr/ebuild/installs/software/libjpeg-turbo/2.1.3-GCCcore-11.3.0/lib/../lib64 -L/usr/ebuild/installs/software/GL2PS/1.4.2-GCCcore-11.2.0/lib/../lib64 -L/usr/ebuild/installs/software/freeglut/3.2.1-GCCcore-11.2.0/lib/../lib64 -L/usr/ebuild/installs/software/libGLU/9.0.2-GCCcore-11.2.0/lib/../lib64 -L/usr/ebuild/installs/software/Mesa/21.1.7-GCCcore-11.2.0/lib/../lib64 -L/usr/ebuild/installs/software/LLVM/12.0.1-GCCcore-11.2.0/lib/../lib64 -L/usr/ebuild/installs/software/libunwind/1.5.0-GCCcore-11.2.0/lib/../lib64 -L/usr/ebuild/installs/software/libglvnd/1.3.3-GCCcore-11.2.0/lib/../lib64 -L/usr/ebuild/installs/software/libdrm/2.4.107-GCCcore-11.2.0/lib/../lib64 -L/usr/ebuild/installs/software/X11/20210802-GCCcore-11.2.0/lib/../lib64 -L/usr/ebuild/installs/software/fontconfig/2.13.94-GCCcore-11.2.0/lib/../lib64 -L/usr/ebuild/installs/software/util-linux/2.37-GCCcore-11.2.0/lib/../lib64 -L/usr/ebuild/installs/software/expat/2.4.1-GCCcore-11.2.0/lib/../lib64 -L/usr/ebuild/installs/software/SciPy-bundle/2021.10-foss-2021b/lib/../lib64 -L/usr/ebuild/installs/software/Python/3.9.6-GCCcore-11.2.0/lib/../lib64 -L/usr/ebuild/installs/software/libffi/3.4.2-GCCcore-11.2.0/lib64/../lib64 -L/usr/ebuild/installs/software/libffi/3.4.2-GCCcore-11.2.0/lib/../lib64 -L/usr/ebuild/installs/software/GMP/6.2.1-GCCcore-11.2.0/lib/../lib64 -L/usr/ebuild/installs/software/SQLite/3.36-GCCcore-11.2.0/lib/../lib64 -L/usr/ebuild/installs/software/Tcl/8.6.11-GCCcore-11.2.0/lib/../lib64 -L/usr/ebuild/installs/software/libreadline/8.1-GCCcore-11.2.0/lib/../lib64 -L/usr/ebuild/installs/software/ncurses/6.2-GCCcore-11.2.0/lib/../lib64 -L/usr/ebuild/installs/software/freetype/2.11.0-GCCcore-11.2.0/lib/../lib64 -L/usr/ebuild/installs/software/Brotli/1.0.9-GCCcore-11.2.0/lib/../lib64 -L/usr/ebuild/installs/software/CFITSIO/3.49-GCCcore-11.2.0/lib/../lib64 -L/usr/ebuild/installs/software/cURL/7.78.0-GCCcore-11.2.0/lib/../lib64 -L/usr/ebuild/installs/software/PCRE/8.45-GCCcore-11.2.0/lib/../lib64 -L/usr/ebuild/installs/software/bzip2/1.0.8-GCCcore-11.2.0/lib/../lib64 -L/usr/ebuild/installs/software/GSL/2.7-GCC-11.2.0/lib/../lib64 -L/usr/ebuild/installs/software/ScaLAPACK/2.1.0-gompi-2021b-fb/lib/../lib64 -L/usr/ebuild/installs/software/FFTW/3.3.10-gompi-2021b/lib/../lib64 -L/usr/ebuild/installs/software/FlexiBLAS/3.0.4-GCC-11.2.0/lib/../lib64 -L/usr/ebuild/installs/software/OpenBLAS/0.3.18-GCC-11.2.0/lib/../lib64 -L/usr/ebuild/installs/software/OpenMPI/4.1.1-GCC-11.2.0/lib/../lib64 -L/usr/ebuild/installs/software/PMIx/4.1.0-GCCcore-11.2.0/lib/../lib64 -L/usr/ebuild/installs/software/libfabric/1.13.2-GCCcore-11.2.0/lib/../lib64 -L/usr/ebuild/installs/software/UCX/1.11.2-GCCcore-11.2.0/lib/../lib64 -L/usr/ebuild/installs/software/libevent/2.1.12-GCCcore-11.2.0/lib/../lib64 -L/usr/ebuild/installs/software/OpenSSL/1.1/lib/../lib64 -L/usr/ebuild/installs/software/hwloc/2.5.0-GCCcore-11.2.0/lib/../lib64 -L/usr/ebuild/installs/software/libpciaccess/0.16-GCCcore-11.2.0/lib/../lib64 -L/usr/ebuild/installs/software/numactl/2.0.14-GCCcore-11.2.0/lib/../lib64 -L/usr/ebuild/installs/software/binutils/2.37-GCCcore-11.2.0/lib/../lib64 -L/usr/ebuild/software/emerald/software/GCCcore/11.3.0/bin/../lib/gcc/x86_64-pc-linux-gnu/11.3.0/../../../../lib64 -L/lib/../lib64 -L/usr/lib/../lib64 -L/usr/ebuild/installs/software/DCMTK/3.6.7-GCCcore-11.3.0/lib -L/usr/ebuild/installs/software/libxml2/2.9.13-GCCcore-11.3.0/lib -L/usr/ebuild/installs/software/XZ/5.2.5-GCCcore-11.3.0/lib -L/usr/ebuild/installs/software/libpng/1.6.37-GCCcore-11.3.0/lib -L/usr/ebuild/installs/software/zlib/1.2.12-GCCcore-11.3.0/lib -L/usr/ebuild/installs/software/ROOT/6.24.06-foss-2021b/lib -L/cm/shared/apps/slurm/current/lib64/slurm -L/cm/shared/apps/slurm/current/lib64 -L/usr/ebuild/installs/software/libiconv/1.17-GCCcore-11.3.0/lib -L/usr/ebuild/installs/software/LibTIFF/4.3.0-GCCcore-11.3.0/lib -L/usr/ebuild/installs/software/libdeflate/1.10-GCCcore-11.3.0/lib -L/usr/ebuild/installs/software/zstd/1.5.2-GCCcore-11.3.0/lib -L/usr/ebuild/installs/software/lz4/1.9.3-GCCcore-11.3.0/lib -L/usr/ebuild/installs/software/jbigkit/2.1-GCCcore-11.3.0/lib -L/usr/ebuild/installs/software/libjpeg-turbo/2.1.3-GCCcore-11.3.0/lib -L/usr/ebuild/installs/software/GL2PS/1.4.2-GCCcore-11.2.0/lib -L/usr/ebuild/installs/software/freeglut/3.2.1-GCCcore-11.2.0/lib -L/usr/ebuild/installs/software/libGLU/9.0.2-GCCcore-11.2.0/lib -L/usr/ebuild/installs/software/Mesa/21.1.7-GCCcore-11.2.0/lib -L/usr/ebuild/installs/software/LLVM/12.0.1-GCCcore-11.2.0/lib -L/usr/ebuild/installs/software/libunwind/1.5.0-GCCcore-11.2.0/lib -L/usr/ebuild/installs/software/libglvnd/1.3.3-GCCcore-11.2.0/lib -L/usr/ebuild/installs/software/libdrm/2.4.107-GCCcore-11.2.0/lib -L/usr/ebuild/installs/software/X11/20210802-GCCcore-11.2.0/lib -L/usr/ebuild/installs/software/fontconfig/2.13.94-GCCcore-11.2.0/lib -L/usr/ebuild/installs/software/util-linux/2.37-GCCcore-11.2.0/lib -L/usr/ebuild/installs/software/expat/2.4.1-GCCcore-11.2.0/lib -L/usr/ebuild/installs/software/SciPy-bundle/2021.10-foss-2021b/lib/python3.9/site-packages/numpy/core/lib -L/usr/ebuild/installs/software/SciPy-bundle/2021.10-foss-2021b/lib -L/usr/ebuild/installs/software/Python/3.9.6-GCCcore-11.2.0/lib -L/usr/ebuild/installs/software/libffi/3.4.2-GCCcore-11.2.0/lib64 -L/usr/ebuild/installs/software/libffi/3.4.2-GCCcore-11.2.0/lib -L/usr/ebuild/installs/software/GMP/6.2.1-GCCcore-11.2.0/lib -L/usr/ebuild/installs/software/SQLite/3.36-GCCcore-11.2.0/lib -L/usr/ebuild/installs/software/Tcl/8.6.11-GCCcore-11.2.0/lib -L/usr/ebuild/installs/software/libreadline/8.1-GCCcore-11.2.0/lib -L/usr/ebuild/installs/software/ncurses/6.2-GCCcore-11.2.0/lib -L/usr/ebuild/installs/software/freetype/2.11.0-GCCcore-11.2.0/lib -L/usr/ebuild/installs/software/Brotli/1.0.9-GCCcore-11.2.0/lib -L/usr/ebuild/installs/software/CFITSIO/3.49-GCCcore-11.2.0/lib -L/usr/ebuild/installs/software/cURL/7.78.0-GCCcore-11.2.0/lib -L/usr/ebuild/installs/software/PCRE/8.45-GCCcore-11.2.0/lib -L/usr/ebuild/installs/software/bzip2/1.0.8-GCCcore-11.2.0/lib -L/usr/ebuild/installs/software/GSL/2.7-GCC-11.2.0/lib -L/usr/ebuild/installs/software/ScaLAPACK/2.1.0-gompi-2021b-fb/lib -L/usr/ebuild/installs/software/FFTW/3.3.10-gompi-2021b/lib -L/usr/ebuild/installs/software/FlexiBLAS/3.0.4-GCC-11.2.0/lib -L/usr/ebuild/installs/software/OpenBLAS/0.3.18-GCC-11.2.0/lib -L/usr/ebuild/installs/software/OpenMPI/4.1.1-GCC-11.2.0/lib -L/usr/ebuild/installs/software/PMIx/4.1.0-GCCcore-11.2.0/lib -L/usr/ebuild/installs/software/libfabric/1.13.2-GCCcore-11.2.0/lib -L/usr/ebuild/installs/software/UCX/1.11.2-GCCcore-11.2.0/lib -L/usr/ebuild/installs/software/libevent/2.1.12-GCCcore-11.2.0/lib -L/usr/ebuild/installs/software/OpenSSL/1.1/lib -L/usr/ebuild/installs/software/hwloc/2.5.0-GCCcore-11.2.0/lib -L/usr/ebuild/installs/software/libpciaccess/0.16-GCCcore-11.2.0/lib -L/usr/ebuild/installs/software/numactl/2.0.14-GCCcore-11.2.0/lib -L/usr/ebuild/installs/software/binutils/2.37-GCCcore-11.2.0/lib -L/usr/ebuild/software/emerald/software/GCCcore/11.3.0/bin/../lib/gcc/x86_64-pc-linux-gnu/11.3.0/../../.. CMakeFiles/cmTC_eddd1.dir/CMakeCXXCompilerABI.cpp.o -lstdc++ -lm -lgcc_s -lgcc -lc -lgcc_s -lgcc /usr/ebuild/software/emerald/software/GCCcore/11.3.0/bin/../lib/gcc/x86_64-pc-linux-gnu/11.3.0/crtend.o /lib/../lib64/crtn.o
COLLECT_GCC_OPTIONS='-v' '-rdynamic' '-o' 'cmTC_eddd1' '-shared-libgcc' '-mtune=generic' '-march=x86-64' '-dumpdir' 'cmTC_eddd1.'
gmake[1]: Leaving directory '/umbc/rs/cybertrn/reu2025/team2/team2_PJMC/PJMC_READY/CMakeFiles/CMakeTmp'



Parsed CXX implicit include dir info from above output: rv=done
  found start of include info
  found start of implicit include info
    add: [/usr/ebuild/installs/software/DCMTK/3.6.7-GCCcore-11.3.0/include]
    add: [/usr/ebuild/installs/software/libxml2/2.9.13-GCCcore-11.3.0/include/libxml2]
    add: [/usr/ebuild/installs/software/libxml2/2.9.13-GCCcore-11.3.0/include]
    add: [/usr/ebuild/installs/software/XZ/5.2.5-GCCcore-11.3.0/include]
    add: [/usr/ebuild/installs/software/libpng/1.6.37-GCCcore-11.3.0/include]
    add: [/usr/ebuild/installs/software/zlib/1.2.12-GCCcore-11.3.0/include]
    add: [/usr/ebuild/installs/software/ROOT/6.24.06-foss-2021b/include]
    add: [/usr/ebuild/installs/software/libiconv/1.17-GCCcore-11.3.0/include]
    add: [/usr/ebuild/installs/software/LibTIFF/4.3.0-GCCcore-11.3.0/include]
    add: [/usr/ebuild/installs/software/libdeflate/1.10-GCCcore-11.3.0/include]
    add: [/usr/ebuild/installs/software/zstd/1.5.2-GCCcore-11.3.0/include]
    add: [/usr/ebuild/installs/software/lz4/1.9.3-GCCcore-11.3.0/include]
    add: [/usr/ebuild/installs/software/jbigkit/2.1-GCCcore-11.3.0/include]
    add: [/usr/ebuild/installs/software/libjpeg-turbo/2.1.3-GCCcore-11.3.0/include]
    add: [/usr/ebuild/installs/software/GL2PS/1.4.2-GCCcore-11.2.0/include]
    add: [/usr/ebuild/installs/software/freeglut/3.2.1-GCCcore-11.2.0/include]
    add: [/usr/ebuild/installs/software/libGLU/9.0.2-GCCcore-11.2.0/include]
    add: [/usr/ebuild/installs/software/Mesa/21.1.7-GCCcore-11.2.0/include]
    add: [/usr/ebuild/installs/software/LLVM/12.0.1-GCCcore-11.2.0/include]
    add: [/usr/ebuild/installs/software/libunwind/1.5.0-GCCcore-11.2.0/include]
    add: [/usr/ebuild/installs/software/libglvnd/1.3.3-GCCcore-11.2.0/include]
    add: [/usr/ebuild/installs/software/libdrm/2.4.107-GCCcore-11.2.0/include]
    add: [/usr/ebuild/installs/software/X11/20210802-GCCcore-11.2.0/include]
    add: [/usr/ebuild/installs/software/fontconfig/2.13.94-GCCcore-11.2.0/include]
    add: [/usr/ebuild/installs/software/util-linux/2.37-GCCcore-11.2.0/include]
    add: [/usr/ebuild/installs/software/expat/2.4.1-GCCcore-11.2.0/include]
    add: [/usr/ebuild/installs/software/SciPy-bundle/2021.10-foss-2021b/lib/python3.9/site-packages/numpy/core/include]
    add: [/usr/ebuild/installs/software/pybind11/2.7.1-GCCcore-11.2.0/include]
    add: [/usr/ebuild/installs/software/Python/3.9.6-GCCcore-11.2.0/include]
    add: [/usr/ebuild/installs/software/libffi/3.4.2-GCCcore-11.2.0/include]
    add: [/usr/ebuild/installs/software/GMP/6.2.1-GCCcore-11.2.0/include]
    add: [/usr/ebuild/installs/software/SQLite/3.36-GCCcore-11.2.0/include]
    add: [/usr/ebuild/installs/software/Tcl/8.6.11-GCCcore-11.2.0/include]
    add: [/usr/ebuild/installs/software/libreadline/8.1-GCCcore-11.2.0/include]
    add: [/usr/ebuild/installs/software/ncurses/6.2-GCCcore-11.2.0/include]
    add: [/usr/ebuild/installs/software/freetype/2.11.0-GCCcore-11.2.0/include/freetype2]
    add: [/usr/ebuild/installs/software/Brotli/1.0.9-GCCcore-11.2.0/include]
    add: [/usr/ebuild/installs/software/CFITSIO/3.49-GCCcore-11.2.0/include]
    add: [/usr/ebuild/installs/software/cURL/7.78.0-GCCcore-11.2.0/include]
    add: [/usr/ebuild/installs/software/PCRE/8.45-GCCcore-11.2.0/include]
    add: [/usr/ebuild/installs/software/bzip2/1.0.8-GCCcore-11.2.0/include]
    add: [/usr/ebuild/installs/software/GSL/2.7-GCC-11.2.0/include]
    add: [/usr/ebuild/installs/software/FFTW/3.3.10-gompi-2021b/include]
    add: [/usr/ebuild/installs/software/FlexiBLAS/3.0.4-GCC-11.2.0/include]
    add: [/usr/ebuild/installs/software/OpenBLAS/0.3.18-GCC-11.2.0/include]
    add: [/usr/ebuild/installs/software/OpenMPI/4.1.1-GCC-11.2.0/include]
    add: [/usr/ebuild/installs/software/PMIx/4.1.0-GCCcore-11.2.0/include]
    add: [/usr/ebuild/installs/software/libfabric/1.13.2-GCCcore-11.2.0/include]
    add: [/usr/ebuild/installs/software/UCX/1.11.2-GCCcore-11.2.0/include]
    add: [/usr/ebuild/installs/software/libevent/2.1.12-GCCcore-11.2.0/include]
    add: [/usr/ebuild/installs/software/OpenSSL/1.1/include]
    add: [/usr/ebuild/installs/software/hwloc/2.5.0-GCCcore-11.2.0/include]
    add: [/usr/ebuild/installs/software/libpciaccess/0.16-GCCcore-11.2.0/include]
    add: [/usr/ebuild/installs/software/numactl/2.0.14-GCCcore-11.2.0/include]
    add: [/usr/ebuild/installs/software/binutils/2.37-GCCcore-11.2.0/include]
    add: [/usr/ebuild/software/emerald/software/GCCcore/11.3.0/bin/../lib/gcc/x86_64-pc-linux-gnu/11.3.0/../../../../include/c++/11.3.0]
    add: [/usr/ebuild/software/emerald/software/GCCcore/11.3.0/bin/../lib/gcc/x86_64-pc-linux-gnu/11.3.0/../../../../include/c++/11.3.0/x86_64-pc-linux-gnu]
    add: [/usr/ebuild/software/emerald/software/GCCcore/11.3.0/bin/../lib/gcc/x86_64-pc-linux-gnu/11.3.0/../../../../include/c++/11.3.0/backward]
    add: [/usr/ebuild/software/emerald/software/GCCcore/11.3.0/bin/../lib/gcc/x86_64-pc-linux-gnu/11.3.0/include]
    add: [/usr/ebuild/software/emerald/software/GCCcore/11.3.0/bin/../lib/gcc/x86_64-pc-linux-gnu/11.3.0/include-fixed]
    add: [/usr/ebuild/installs/software/GCCcore/11.3.0/include]
    add: [/usr/include]
  end of search list found
  collapse include dir [/usr/ebuild/installs/software/DCMTK/3.6.7-GCCcore-11.3.0/include] ==> [/usr/ebuild/installs/software/DCMTK/3.6.7-GCCcore-11.3.0/include]
  collapse include dir [/usr/ebuild/installs/software/libxml2/2.9.13-GCCcore-11.3.0/include/libxml2] ==> [/usr/ebuild/installs/software/libxml2/2.9.13-GCCcore-11.3.0/include/libxml2]
  collapse include dir [/usr/ebuild/installs/software/libxml2/2.9.13-GCCcore-11.3.0/include] ==> [/usr/ebuild/installs/software/libxml2/2.9.13-GCCcore-11.3.0/include]
  collapse include dir [/usr/ebuild/installs/software/XZ/5.2.5-GCCcore-11.3.0/include] ==> [/usr/ebuild/installs/software/XZ/5.2.5-GCCcore-11.3.0/include]
  collapse include dir [/usr/ebuild/installs/software/libpng/1.6.37-GCCcore-11.3.0/include] ==> [/usr/ebuild/installs/software/libpng/1.6.37-GCCcore-11.3.0/include]
  collapse include dir [/usr/ebuild/installs/software/zlib/1.2.12-GCCcore-11.3.0/include] ==> [/usr/ebuild/installs/software/zlib/1.2.12-GCCcore-11.3.0/include]
  collapse include dir [/usr/ebuild/installs/software/ROOT/6.24.06-foss-2021b/include] ==> [/usr/ebuild/installs/software/ROOT/6.24.06-foss-2021b/include]
  collapse include dir [/usr/ebuild/installs/software/libiconv/1.17-GCCcore-11.3.0/include] ==> [/usr/ebuild/installs/software/libiconv/1.17-GCCcore-11.3.0/include]
  collapse include dir [/usr/ebuild/installs/software/LibTIFF/4.3.0-GCCcore-11.3.0/include] ==> [/usr/ebuild/installs/software/LibTIFF/4.3.0-GCCcore-11.3.0/include]
  collapse include dir [/usr/ebuild/installs/software/libdeflate/1.10-GCCcore-11.3.0/include] ==> [/usr/ebuild/installs/software/libdeflate/1.10-GCCcore-11.3.0/include]
  collapse include dir [/usr/ebuild/installs/software/zstd/1.5.2-GCCcore-11.3.0/include] ==> [/usr/ebuild/installs/software/zstd/1.5.2-GCCcore-11.3.0/include]
  collapse include dir [/usr/ebuild/installs/software/lz4/1.9.3-GCCcore-11.3.0/include] ==> [/usr/ebuild/installs/software/lz4/1.9.3-GCCcore-11.3.0/include]
  collapse include dir [/usr/ebuild/installs/software/jbigkit/2.1-GCCcore-11.3.0/include] ==> [/usr/ebuild/installs/software/jbigkit/2.1-GCCcore-11.3.0/include]
  collapse include dir [/usr/ebuild/installs/software/libjpeg-turbo/2.1.3-GCCcore-11.3.0/include] ==> [/usr/ebuild/installs/software/libjpeg-turbo/2.1.3-GCCcore-11.3.0/include]
  collapse include dir [/usr/ebuild/installs/software/GL2PS/1.4.2-GCCcore-11.2.0/include] ==> [/usr/ebuild/installs/software/GL2PS/1.4.2-GCCcore-11.2.0/include]
  collapse include dir [/usr/ebuild/installs/software/freeglut/3.2.1-GCCcore-11.2.0/include] ==> [/usr/ebuild/installs/software/freeglut/3.2.1-GCCcore-11.2.0/include]
  collapse include dir [/usr/ebuild/installs/software/libGLU/9.0.2-GCCcore-11.2.0/include] ==> [/usr/ebuild/installs/software/libGLU/9.0.2-GCCcore-11.2.0/include]
  collapse include dir [/usr/ebuild/installs/software/Mesa/21.1.7-GCCcore-11.2.0/include] ==> [/usr/ebuild/installs/software/Mesa/21.1.7-GCCcore-11.2.0/include]
  collapse include dir [/usr/ebuild/installs/software/LLVM/12.0.1-GCCcore-11.2.0/include] ==> [/usr/ebuild/installs/software/LLVM/12.0.1-GCCcore-11.2.0/include]
  collapse include dir [/usr/ebuild/installs/software/libunwind/1.5.0-GCCcore-11.2.0/include] ==> [/usr/ebuild/installs/software/libunwind/1.5.0-GCCcore-11.2.0/include]
  collapse include dir [/usr/ebuild/installs/software/libglvnd/1.3.3-GCCcore-11.2.0/include] ==> [/usr/ebuild/installs/software/libglvnd/1.3.3-GCCcore-11.2.0/include]
  collapse include dir [/usr/ebuild/installs/software/libdrm/2.4.107-GCCcore-11.2.0/include] ==> [/usr/ebuild/installs/software/libdrm/2.4.107-GCCcore-11.2.0/include]
  collapse include dir [/usr/ebuild/installs/software/X11/20210802-GCCcore-11.2.0/include] ==> [/usr/ebuild/installs/software/X11/20210802-GCCcore-11.2.0/include]
  collapse include dir [/usr/ebuild/installs/software/fontconfig/2.13.94-GCCcore-11.2.0/include] ==> [/usr/ebuild/installs/software/fontconfig/2.13.94-GCCcore-11.2.0/include]
  collapse include dir [/usr/ebuild/installs/software/util-linux/2.37-GCCcore-11.2.0/include] ==> [/usr/ebuild/installs/software/util-linux/2.37-GCCcore-11.2.0/include]
  collapse include dir [/usr/ebuild/installs/software/expat/2.4.1-GCCcore-11.2.0/include] ==> [/usr/ebuild/installs/software/expat/2.4.1-GCCcore-11.2.0/include]
  collapse include dir [/usr/ebuild/installs/software/SciPy-bundle/2021.10-foss-2021b/lib/python3.9/site-packages/numpy/core/include] ==> [/usr/ebuild/installs/software/SciPy-bundle/2021.10-foss-2021b/lib/python3.9/site-packages/numpy/core/include]
  collapse include dir [/usr/ebuild/installs/software/pybind11/2.7.1-GCCcore-11.2.0/include] ==> [/usr/ebuild/installs/software/pybind11/2.7.1-GCCcore-11.2.0/include]
  collapse include dir [/usr/ebuild/installs/software/Python/3.9.6-GCCcore-11.2.0/include] ==> [/usr/ebuild/installs/software/Python/3.9.6-GCCcore-11.2.0/include]
  collapse include dir [/usr/ebuild/installs/software/libffi/3.4.2-GCCcore-11.2.0/include] ==> [/usr/ebuild/installs/software/libffi/3.4.2-GCCcore-11.2.0/include]
  collapse include dir [/usr/ebuild/installs/software/GMP/6.2.1-GCCcore-11.2.0/include] ==> [/usr/ebuild/installs/software/GMP/6.2.1-GCCcore-11.2.0/include]
  collapse include dir [/usr/ebuild/installs/software/SQLite/3.36-GCCcore-11.2.0/include] ==> [/usr/ebuild/installs/software/SQLite/3.36-GCCcore-11.2.0/include]
  collapse include dir [/usr/ebuild/installs/software/Tcl/8.6.11-GCCcore-11.2.0/include] ==> [/usr/ebuild/installs/software/Tcl/8.6.11-GCCcore-11.2.0/include]
  collapse include dir [/usr/ebuild/installs/software/libreadline/8.1-GCCcore-11.2.0/include] ==> [/usr/ebuild/installs/software/libreadline/8.1-GCCcore-11.2.0/include]
  collapse include dir [/usr/ebuild/installs/software/ncurses/6.2-GCCcore-11.2.0/include] ==> [/usr/ebuild/installs/software/ncurses/6.2-GCCcore-11.2.0/include]
  collapse include dir [/usr/ebuild/installs/software/freetype/2.11.0-GCCcore-11.2.0/include/freetype2] ==> [/usr/ebuild/installs/software/freetype/2.11.0-GCCcore-11.2.0/include/freetype2]
  collapse include dir [/usr/ebuild/installs/software/Brotli/1.0.9-GCCcore-11.2.0/include] ==> [/usr/ebuild/installs/software/Brotli/1.0.9-GCCcore-11.2.0/include]
  collapse include dir [/usr/ebuild/installs/software/CFITSIO/3.49-GCCcore-11.2.0/include] ==> [/usr/ebuild/installs/software/CFITSIO/3.49-GCCcore-11.2.0/include]
  collapse include dir [/usr/ebuild/installs/software/cURL/7.78.0-GCCcore-11.2.0/include] ==> [/usr/ebuild/installs/software/cURL/7.78.0-GCCcore-11.2.0/include]
  collapse include dir [/usr/ebuild/installs/software/PCRE/8.45-GCCcore-11.2.0/include] ==> [/usr/ebuild/installs/software/PCRE/8.45-GCCcore-11.2.0/include]
  collapse include dir [/usr/ebuild/installs/software/bzip2/1.0.8-GCCcore-11.2.0/include] ==> [/usr/ebuild/installs/software/bzip2/1.0.8-GCCcore-11.2.0/include]
  collapse include dir [/usr/ebuild/installs/software/GSL/2.7-GCC-11.2.0/include] ==> [/usr/ebuild/installs/software/GSL/2.7-GCC-11.2.0/include]
  collapse include dir [/usr/ebuild/installs/software/FFTW/3.3.10-gompi-2021b/include] ==> [/usr/ebuild/installs/software/FFTW/3.3.10-gompi-2021b/include]
  collapse include dir [/usr/ebuild/installs/software/FlexiBLAS/3.0.4-GCC-11.2.0/include] ==> [/usr/ebuild/installs/software/FlexiBLAS/3.0.4-GCC-11.2.0/include]
  collapse include dir [/usr/ebuild/installs/software/OpenBLAS/0.3.18-GCC-11.2.0/include] ==> [/usr/ebuild/installs/software/OpenBLAS/0.3.18-GCC-11.2.0/include]
  collapse include dir [/usr/ebuild/installs/software/OpenMPI/4.1.1-GCC-11.2.0/include] ==> [/usr/ebuild/installs/software/OpenMPI/4.1.1-GCC-11.2.0/include]
  collapse include dir [/usr/ebuild/installs/software/PMIx/4.1.0-GCCcore-11.2.0/include] ==> [/usr/ebuild/installs/software/PMIx/4.1.0-GCCcore-11.2.0/include]
  collapse include dir [/usr/ebuild/installs/software/libfabric/1.13.2-GCCcore-11.2.0/include] ==> [/usr/ebuild/installs/software/libfabric/1.13.2-GCCcore-11.2.0/include]
  collapse include dir [/usr/ebuild/installs/software/UCX/1.11.2-GCCcore-11.2.0/include] ==> [/usr/ebuild/installs/software/UCX/1.11.2-GCCcore-11.2.0/include]
  collapse include dir [/usr/ebuild/installs/software/libevent/2.1.12-GCCcore-11.2.0/include] ==> [/usr/ebuild/installs/software/libevent/2.1.12-GCCcore-11.2.0/include]
  collapse include dir [/usr/ebuild/installs/software/OpenSSL/1.1/include] ==> [/usr/ebuild/installs/software/OpenSSL/1.1/include]
  collapse include dir [/usr/ebuild/installs/software/hwloc/2.5.0-GCCcore-11.2.0/include] ==> [/usr/ebuild/installs/software/hwloc/2.5.0-GCCcore-11.2.0/include]
  collapse include dir [/usr/ebuild/installs/software/libpciaccess/0.16-GCCcore-11.2.0/include] ==> [/usr/ebuild/installs/software/libpciaccess/0.16-GCCcore-11.2.0/include]
  collapse include dir [/usr/ebuild/installs/software/numactl/2.0.14-GCCcore-11.2.0/include] ==> [/usr/ebuild/installs/software/numactl/2.0.14-GCCcore-11.2.0/include]
  collapse include dir [/usr/ebuild/installs/software/binutils/2.37-GCCcore-11.2.0/include] ==> [/usr/ebuild/installs/software/binutils/2.37-GCCcore-11.2.0/include]
  collapse include dir [/usr/ebuild/software/emerald/software/GCCcore/11.3.0/bin/../lib/gcc/x86_64-pc-linux-gnu/11.3.0/../../../../include/c++/11.3.0] ==> [/usr/ebuild/software/emerald/software/GCCcore/11.3.0/include/c++/11.3.0]
  collapse include dir [/usr/ebuild/software/emerald/software/GCCcore/11.3.0/bin/../lib/gcc/x86_64-pc-linux-gnu/11.3.0/../../../../include/c++/11.3.0/x86_64-pc-linux-gnu] ==> [/usr/ebuild/software/emerald/software/GCCcore/11.3.0/include/c++/11.3.0/x86_64-pc-linux-gnu]
  collapse include dir [/usr/ebuild/software/emerald/software/GCCcore/11.3.0/bin/../lib/gcc/x86_64-pc-linux-gnu/11.3.0/../../../../include/c++/11.3.0/backward] ==> [/usr/ebuild/software/emerald/software/GCCcore/11.3.0/include/c++/11.3.0/backward]
  collapse include dir [/usr/ebuild/software/emerald/software/GCCcore/11.3.0/bin/../lib/gcc/x86_64-pc-linux-gnu/11.3.0/include] ==> [/usr/ebuild/software/emerald/software/GCCcore/11.3.0/lib/gcc/x86_64-pc-linux-gnu/11.3.0/include]
  collapse include dir [/usr/ebuild/software/emerald/software/GCCcore/11.3.0/bin/../lib/gcc/x86_64-pc-linux-gnu/11.3.0/include-fixed] ==> [/usr/ebuild/software/emerald/software/GCCcore/11.3.0/lib/gcc/x86_64-pc-linux-gnu/11.3.0/include-fixed]
  collapse include dir [/usr/ebuild/installs/software/GCCcore/11.3.0/include] ==> [/usr/ebuild/installs/software/GCCcore/11.3.0/include]
  collapse include dir [/usr/include] ==> [/usr/include]
  implicit include dirs: [/usr/ebuild/installs/software/DCMTK/3.6.7-GCCcore-11.3.0/include;/usr/ebuild/installs/software/libxml2/2.9.13-GCCcore-11.3.0/include/libxml2;/usr/ebuild/installs/software/libxml2/2.9.13-GCCcore-11.3.0/include;/usr/ebuild/installs/software/XZ/5.2.5-GCCcore-11.3.0/include;/usr/ebuild/installs/software/libpng/1.6.37-GCCcore-11.3.0/include;/usr/ebuild/installs/software/zlib/1.2.12-GCCcore-11.3.0/include;/usr/ebuild/installs/software/ROOT/6.24.06-foss-2021b/include;/usr/ebuild/installs/software/libiconv/1.17-GCCcore-11.3.0/include;/usr/ebuild/installs/software/LibTIFF/4.3.0-GCCcore-11.3.0/include;/usr/ebuild/installs/software/libdeflate/1.10-GCCcore-11.3.0/include;/usr/ebuild/installs/software/zstd/1.5.2-GCCcore-11.3.0/include;/usr/ebuild/installs/software/lz4/1.9.3-GCCcore-11.3.0/include;/usr/ebuild/installs/software/jbigkit/2.1-GCCcore-11.3.0/include;/usr/ebuild/installs/software/libjpeg-turbo/2.1.3-GCCcore-11.3.0/include;/usr/ebuild/installs/software/GL2PS/1.4.2-GCCcore-11.2.0/include;/usr/ebuild/installs/software/freeglut/3.2.1-GCCcore-11.2.0/include;/usr/ebuild/installs/software/libGLU/9.0.2-GCCcore-11.2.0/include;/usr/ebuild/installs/software/Mesa/21.1.7-GCCcore-11.2.0/include;/usr/ebuild/installs/software/LLVM/12.0.1-GCCcore-11.2.0/include;/usr/ebuild/installs/software/libunwind/1.5.0-GCCcore-11.2.0/include;/usr/ebuild/installs/software/libglvnd/1.3.3-GCCcore-11.2.0/include;/usr/ebuild/installs/software/libdrm/2.4.107-GCCcore-11.2.0/include;/usr/ebuild/installs/software/X11/20210802-GCCcore-11.2.0/include;/usr/ebuild/installs/software/fontconfig/2.13.94-GCCcore-11.2.0/include;/usr/ebuild/installs/software/util-linux/2.37-GCCcore-11.2.0/include;/usr/ebuild/installs/software/expat/2.4.1-GCCcore-11.2.0/include;/usr/ebuild/installs/software/SciPy-bundle/2021.10-foss-2021b/lib/python3.9/site-packages/numpy/core/include;/usr/ebuild/installs/software/pybind11/2.7.1-GCCcore-11.2.0/include;/usr/ebuild/installs/software/Python/3.9.6-GCCcore-11.2.0/include;/usr/ebuild/installs/software/libffi/3.4.2-GCCcore-11.2.0/include;/usr/ebuild/installs/software/GMP/6.2.1-GCCcore-11.2.0/include;/usr/ebuild/installs/software/SQLite/3.36-GCCcore-11.2.0/include;/usr/ebuild/installs/software/Tcl/8.6.11-GCCcore-11.2.0/include;/usr/ebuild/installs/software/libreadline/8.1-GCCcore-11.2.0/include;/usr/ebuild/installs/software/ncurses/6.2-GCCcore-11.2.0/include;/usr/ebuild/installs/software/freetype/2.11.0-GCCcore-11.2.0/include/freetype2;/usr/ebuild/installs/software/Brotli/1.0.9-GCCcore-11.2.0/include;/usr/ebuild/installs/software/CFITSIO/3.49-GCCcore-11.2.0/include;/usr/ebuild/installs/software/cURL/7.78.0-GCCcore-11.2.0/include;/usr/ebuild/installs/software/PCRE/8.45-GCCcore-11.2.0/include;/usr/ebuild/installs/software/bzip2/1.0.8-GCCcore-11.2.0/include;/usr/ebuild/installs/software/GSL/2.7-GCC-11.2.0/include;/usr/ebuild/installs/software/FFTW/3.3.10-gompi-2021b/include;/usr/ebuild/installs/software/FlexiBLAS/3.0.4-GCC-11.2.0/include;/usr/ebuild/installs/software/OpenBLAS/0.3.18-GCC-11.2.0/include;/usr/ebuild/installs/software/OpenMPI/4.1.1-GCC-11.2.0/include;/usr/ebuild/installs/software/PMIx/4.1.0-GCCcore-11.2.0/include;/usr/ebuild/installs/software/libfabric/1.13.2-GCCcore-11.2.0/include;/usr/ebuild/installs/software/UCX/1.11.2-GCCcore-11.2.0/include;/usr/ebuild/installs/software/libevent/2.1.12-GCCcore-11.2.0/include;/usr/ebuild/installs/software/OpenSSL/1.1/include;/usr/ebuild/installs/software/hwloc/2.5.0-GCCcore-11.2.0/include;/usr/ebuild/installs/software/libpciaccess/0.16-GCCcore-11.2.0/include;/usr/ebuild/installs/software/numactl/2.0.14-GCCcore-11.2.0/include;/usr/ebuild/installs/software/binutils/2.37-GCCcore-11.2.0/include;/usr/ebuild/software/emerald/software/GCCcore/11.3.0/include/c++/11.3.0;/usr/ebuild/software/emerald/software/GCCcore/11.3.0/include/c++/11.3.0/x86_64-pc-linux-gnu;/usr/ebuild/software/emerald/software/GCCcore/11.3.0/include/c++/11.3.0/backward;/usr/ebuild/software/emerald/software/GCCcore/11.3.0/lib/gcc/x86_64-pc-linux-gnu/11.3.0/include;/usr/ebuild/software/emerald/software/GCCcore/11.3.0/lib/gcc/x86_64-pc-linux-gnu/11.3.0/include-fixed;/usr/ebuild/installs/software/GCCcore/11.3.0/include;/usr/include]


Parsed CXX implicit link information from above output:
  link line regex: [^( *|.*[/\])(ld|CMAKE_LINK_STARTFILE-NOTFOUND|([^/\]+-)?ld|collect2)[^/\]*( |$)]
  ignore line: [Change Dir: /home/hs50610/team2/team2_PJMC/PJMC_READY/CMakeFiles/CMakeTmp]
  ignore line: []
  ignore line: [Run Build Command(s):/usr/bin/gmake cmTC_eddd1/fast && /usr/bin/gmake -f CMakeFiles/cmTC_eddd1.dir/build.make CMakeFiles/cmTC_eddd1.dir/build]
  ignore line: [gmake[1]: Entering directory '/umbc/rs/cybertrn/reu2025/team2/team2_PJMC/PJMC_READY/CMakeFiles/CMakeTmp']
  ignore line: [Building CXX object CMakeFiles/cmTC_eddd1.dir/CMakeCXXCompilerABI.cpp.o]
  ignore line: [/usr/ebuild/installs/software/GCCcore/11.3.0/bin/c++    -v -o CMakeFiles/cmTC_eddd1.dir/CMakeCXXCompilerABI.cpp.o -c /cm/shared/apps/CMake/3.17.0/share/cmake-3.17/Modules/CMakeCXXCompilerABI.cpp]
  ignore line: [Using built-in specs.]
  ignore line: [COLLECT_GCC=/usr/ebuild/installs/software/GCCcore/11.3.0/bin/c++]
  ignore line: [OFFLOAD_TARGET_NAMES=nvptx-none]
  ignore line: [Target: x86_64-pc-linux-gnu]
  ignore line: [Configured with: ../configure --enable-languages=c,c++,fortran --without-cuda-driver --enable-offload-targets=nvptx-none --enable-lto --enable-checking=release --disable-multilib --enable-shared=yes --enable-static=yes --enable-threads=posix --enable-plugins --enable-gold --enable-ld=default --prefix=/usr/ebuild/installs/software/GCCcore/11.3.0 --with-local-prefix=/usr/ebuild/installs/software/GCCcore/11.3.0 --enable-bootstrap --with-isl=/scratch/ebuild/GCCcore/11.3.0/system-system/gcc-11.3.0/stage2_stuff --build=x86_64-pc-linux-gnu --host=x86_64-pc-linux-gnu]
  ignore line: [Thread model: posix]
  ignore line: [Supported LTO compression algorithms: zlib zstd]
  ignore line: [gcc version 11.3.0 (GCC) ]
  ignore line: [COLLECT_GCC_OPTIONS='-v' '-o' 'CMakeFiles/cmTC_eddd1.dir/CMakeCXXCompilerABI.cpp.o' '-c' '-shared-libgcc' '-mtune=generic' '-march=x86-64' '-dumpdir' 'CMakeFiles/cmTC_eddd1.dir/']
  ignore line: [ /usr/ebuild/software/emerald/software/GCCcore/11.3.0/bin/../libexec/gcc/x86_64-pc-linux-gnu/11.3.0/cc1plus -quiet -v -iprefix /usr/ebuild/software/emerald/software/GCCcore/11.3.0/bin/../lib/gcc/x86_64-pc-linux-gnu/11.3.0/ -D_GNU_SOURCE /cm/shared/apps/CMake/3.17.0/share/cmake-3.17/Modules/CMakeCXXCompilerABI.cpp -quiet -dumpdir CMakeFiles/cmTC_eddd1.dir/ -dumpbase CMakeCXXCompilerABI.cpp.cpp -dumpbase-ext .cpp -mtune=generic -march=x86-64 -version -o /tmp/cc3FQFyk.s]
  ignore line: [GNU C++17 (GCC) version 11.3.0 (x86_64-pc-linux-gnu)]
  ignore line: [	compiled by GNU C version 11.3.0  GMP version 6.2.1  MPFR version 4.1.0  MPC version 1.2.1  isl version isl-0.24-GMP]
  ignore line: []
  ignore line: [GGC heuristics: --param ggc-min-expand=100 --param ggc-min-heapsize=131072]
  ignore line: [ignoring nonexistent directory "/usr/ebuild/software/emerald/software/GCCcore/11.3.0/bin/../lib/gcc/x86_64-pc-linux-gnu/11.3.0/../../../../x86_64-pc-linux-gnu/include"]
  ignore line: [ignoring duplicate directory "/usr/ebuild/software/emerald/software/GCCcore/11.3.0/bin/../lib/gcc/../../lib/gcc/x86_64-pc-linux-gnu/11.3.0/../../../../include/c++/11.3.0"]
  ignore line: [ignoring duplicate directory "/usr/ebuild/software/emerald/software/GCCcore/11.3.0/bin/../lib/gcc/../../lib/gcc/x86_64-pc-linux-gnu/11.3.0/../../../../include/c++/11.3.0/x86_64-pc-linux-gnu"]
  ignore line: [ignoring duplicate directory "/usr/ebuild/software/emerald/software/GCCcore/11.3.0/bin/../lib/gcc/../../lib/gcc/x86_64-pc-linux-gnu/11.3.0/../../../../include/c++/11.3.0/backward"]
  ignore line: [ignoring duplicate directory "/usr/ebuild/software/emerald/software/GCCcore/11.3.0/bin/../lib/gcc/../../lib/gcc/x86_64-pc-linux-gnu/11.3.0/include"]
  ignore line: [ignoring duplicate directory "/usr/ebuild/software/emerald/software/GCCcore/11.3.0/bin/../lib/gcc/../../lib/gcc/x86_64-pc-linux-gnu/11.3.0/include-fixed"]
  ignore line: [ignoring nonexistent directory "/usr/ebuild/software/emerald/software/GCCcore/11.3.0/bin/../lib/gcc/../../lib/gcc/x86_64-pc-linux-gnu/11.3.0/../../../../x86_64-pc-linux-gnu/include"]
  ignore line: [ignoring nonexistent directory "/cm/shared/apps/slurm/current/include"]
  ignore line: [#include "..." search starts here:]
  ignore line: [#include <...> search starts here:]
  ignore line: [ /usr/ebuild/installs/software/DCMTK/3.6.7-GCCcore-11.3.0/include]
  ignore line: [ /usr/ebuild/installs/software/libxml2/2.9.13-GCCcore-11.3.0/include/libxml2]
  ignore line: [ /usr/ebuild/installs/software/libxml2/2.9.13-GCCcore-11.3.0/include]
  ignore line: [ /usr/ebuild/installs/software/XZ/5.2.5-GCCcore-11.3.0/include]
  ignore line: [ /usr/ebuild/installs/software/libpng/1.6.37-GCCcore-11.3.0/include]
  ignore line: [ /usr/ebuild/installs/software/zlib/1.2.12-GCCcore-11.3.0/include]
  ignore line: [ /usr/ebuild/installs/software/ROOT/6.24.06-foss-2021b/include]
  ignore line: [ /usr/ebuild/installs/software/libiconv/1.17-GCCcore-11.3.0/include]
  ignore line: [ /usr/ebuild/installs/software/LibTIFF/4.3.0-GCCcore-11.3.0/include]
  ignore line: [ /usr/ebuild/installs/software/libdeflate/1.10-GCCcore-11.3.0/include]
  ignore line: [ /usr/ebuild/installs/software/zstd/1.5.2-GCCcore-11.3.0/include]
  ignore line: [ /usr/ebuild/installs/software/lz4/1.9.3-GCCcore-11.3.0/include]
  ignore line: [ /usr/ebuild/installs/software/jbigkit/2.1-GCCcore-11.3.0/include]
  ignore line: [ /usr/ebuild/installs/software/libjpeg-turbo/2.1.3-GCCcore-11.3.0/include]
  ignore line: [ /usr/ebuild/installs/software/GL2PS/1.4.2-GCCcore-11.2.0/include]
  ignore line: [ /usr/ebuild/installs/software/freeglut/3.2.1-GCCcore-11.2.0/include]
  ignore line: [ /usr/ebuild/installs/software/libGLU/9.0.2-GCCcore-11.2.0/include]
  ignore line: [ /usr/ebuild/installs/software/Mesa/21.1.7-GCCcore-11.2.0/include]
  ignore line: [ /usr/ebuild/installs/software/LLVM/12.0.1-GCCcore-11.2.0/include]
  ignore line: [ /usr/ebuild/installs/software/libunwind/1.5.0-GCCcore-11.2.0/include]
  ignore line: [ /usr/ebuild/installs/software/libglvnd/1.3.3-GCCcore-11.2.0/include]
  ignore line: [ /usr/ebuild/installs/software/libdrm/2.4.107-GCCcore-11.2.0/include]
  ignore line: [ /usr/ebuild/installs/software/X11/20210802-GCCcore-11.2.0/include]
  ignore line: [ /usr/ebuild/installs/software/fontconfig/2.13.94-GCCcore-11.2.0/include]
  ignore line: [ /usr/ebuild/installs/software/util-linux/2.37-GCCcore-11.2.0/include]
  ignore line: [ /usr/ebuild/installs/software/expat/2.4.1-GCCcore-11.2.0/include]
  ignore line: [ /usr/ebuild/installs/software/SciPy-bundle/2021.10-foss-2021b/lib/python3.9/site-packages/numpy/core/include]
  ignore line: [ /usr/ebuild/installs/software/pybind11/2.7.1-GCCcore-11.2.0/include]
  ignore line: [ /usr/ebuild/installs/software/Python/3.9.6-GCCcore-11.2.0/include]
  ignore line: [ /usr/ebuild/installs/software/libffi/3.4.2-GCCcore-11.2.0/include]
  ignore line: [ /usr/ebuild/installs/software/GMP/6.2.1-GCCcore-11.2.0/include]
  ignore line: [ /usr/ebuild/installs/software/SQLite/3.36-GCCcore-11.2.0/include]
  ignore line: [ /usr/ebuild/installs/software/Tcl/8.6.11-GCCcore-11.2.0/include]
  ignore line: [ /usr/ebuild/installs/software/libreadline/8.1-GCCcore-11.2.0/include]
  ignore line: [ /usr/ebuild/installs/software/ncurses/6.2-GCCcore-11.2.0/include]
  ignore line: [ /usr/ebuild/installs/software/freetype/2.11.0-GCCcore-11.2.0/include/freetype2]
  ignore line: [ /usr/ebuild/installs/software/Brotli/1.0.9-GCCcore-11.2.0/include]
  ignore line: [ /usr/ebuild/installs/software/CFITSIO/3.49-GCCcore-11.2.0/include]
  ignore line: [ /usr/ebuild/installs/software/cURL/7.78.0-GCCcore-11.2.0/include]
  ignore line: [ /usr/ebuild/installs/software/PCRE/8.45-GCCcore-11.2.0/include]
  ignore line: [ /usr/ebuild/installs/software/bzip2/1.0.8-GCCcore-11.2.0/include]
  ignore line: [ /usr/ebuild/installs/software/GSL/2.7-GCC-11.2.0/include]
  ignore line: [ /usr/ebuild/installs/software/FFTW/3.3.10-gompi-2021b/include]
  ignore line: [ /usr/ebuild/installs/software/FlexiBLAS/3.0.4-GCC-11.2.0/include]
  ignore line: [ /usr/ebuild/installs/software/OpenBLAS/0.3.18-GCC-11.2.0/include]
  ignore line: [ /usr/ebuild/installs/software/OpenMPI/4.1.1-GCC-11.2.0/include]
  ignore line: [ /usr/ebuild/installs/software/PMIx/4.1.0-GCCcore-11.2.0/include]
  ignore line: [ /usr/ebuild/installs/software/libfabric/1.13.2-GCCcore-11.2.0/include]
  ignore line: [ /usr/ebuild/installs/software/UCX/1.11.2-GCCcore-11.2.0/include]
  ignore line: [ /usr/ebuild/installs/software/libevent/2.1.12-GCCcore-11.2.0/include]
  ignore line: [ /usr/ebuild/installs/software/OpenSSL/1.1/include]
  ignore line: [ /usr/ebuild/installs/software/hwloc/2.5.0-GCCcore-11.2.0/include]
  ignore line: [ /usr/ebuild/installs/software/libpciaccess/0.16-GCCcore-11.2.0/include]
  ignore line: [ /usr/ebuild/installs/software/numactl/2.0.14-GCCcore-11.2.0/include]
  ignore line: [ /usr/ebuild/installs/software/binutils/2.37-GCCcore-11.2.0/include]
  ignore line: [ /usr/ebuild/software/emerald/software/GCCcore/11.3.0/bin/../lib/gcc/x86_64-pc-linux-gnu/11.3.0/../../../../include/c++/11.3.0]
  ignore line: [ /usr/ebuild/software/emerald/software/GCCcore/11.3.0/bin/../lib/gcc/x86_64-pc-linux-gnu/11.3.0/../../../../include/c++/11.3.0/x86_64-pc-linux-gnu]
  ignore line: [ /usr/ebuild/software/emerald/software/GCCcore/11.3.0/bin/../lib/gcc/x86_64-pc-linux-gnu/11.3.0/../../../../include/c++/11.3.0/backward]
  ignore line: [ /usr/ebuild/software/emerald/software/GCCcore/11.3.0/bin/../lib/gcc/x86_64-pc-linux-gnu/11.3.0/include]
  ignore line: [ /usr/ebuild/software/emerald/software/GCCcore/11.3.0/bin/../lib/gcc/x86_64-pc-linux-gnu/11.3.0/include-fixed]
  ignore line: [ /usr/ebuild/installs/software/GCCcore/11.3.0/include]
  ignore line: [ /usr/include]
  ignore line: [End of search list.]
  ignore line: [GNU C++17 (GCC) version 11.3.0 (x86_64-pc-linux-gnu)]
  ignore line: [	compiled by GNU C version 11.3.0  GMP version 6.2.1  MPFR version 4.1.0  MPC version 1.2.1  isl version isl-0.24-GMP]
  ignore line: []
  ignore line: [GGC heuristics: --param ggc-min-expand=100 --param ggc-min-heapsize=131072]
  ignore line: [Compiler executable checksum: 26de7f1682298e857943e85324452be0]
  ignore line: [COLLECT_GCC_OPTIONS='-v' '-o' 'CMakeFiles/cmTC_eddd1.dir/CMakeCXXCompilerABI.cpp.o' '-c' '-shared-libgcc' '-mtune=generic' '-march=x86-64' '-dumpdir' 'CMakeFiles/cmTC_eddd1.dir/']
  ignore line: [ as -v --64 -o CMakeFiles/cmTC_eddd1.dir/CMakeCXXCompilerABI.cpp.o /tmp/cc3FQFyk.s]
  ignore line: [GNU assembler version 2.37 (x86_64-pc-linux-gnu) using BFD version (GNU Binutils) 2.37]
  ignore line: [COMPILER_PATH=/usr/ebuild/software/emerald/software/GCCcore/11.3.0/bin/../libexec/gcc/x86_64-pc-linux-gnu/11.3.0/:/usr/ebuild/software/emerald/software/GCCcore/11.3.0/bin/../libexec/gcc/]
  ignore line: [LIBRARY_PATH=/usr/ebuild/software/emerald/software/GCCcore/11.3.0/bin/../lib/gcc/x86_64-pc-linux-gnu/11.3.0/:/usr/ebuild/software/emerald/software/GCCcore/11.3.0/bin/../lib/gcc/:/usr/ebuild/installs/software/DCMTK/3.6.7-GCCcore-11.3.0/lib/../lib64/:/usr/ebuild/installs/software/libxml2/2.9.13-GCCcore-11.3.0/lib/../lib64/:/usr/ebuild/installs/software/XZ/5.2.5-GCCcore-11.3.0/lib/../lib64/:/usr/ebuild/installs/software/libpng/1.6.37-GCCcore-11.3.0/lib/../lib64/:/usr/ebuild/installs/software/zlib/1.2.12-GCCcore-11.3.0/lib/../lib64/:/usr/ebuild/installs/software/ROOT/6.24.06-foss-2021b/lib/../lib64/:/cm/shared/apps/slurm/current/lib64/../lib64/:/usr/ebuild/installs/software/libiconv/1.17-GCCcore-11.3.0/lib/../lib64/:/usr/ebuild/installs/software/LibTIFF/4.3.0-GCCcore-11.3.0/lib/../lib64/:/usr/ebuild/installs/software/libdeflate/1.10-GCCcore-11.3.0/lib/../lib64/:/usr/ebuild/installs/software/zstd/1.5.2-GCCcore-11.3.0/lib/../lib64/:/usr/ebuild/installs/software/lz4/1.9.3-GCCcore-11.3.0/lib/../lib64/:/usr/ebuild/installs/software/jbigkit/2.1-GCCcore-11.3.0/lib/../lib64/:/usr/ebuild/installs/software/libjpeg-turbo/2.1.3-GCCcore-11.3.0/lib/../lib64/:/usr/ebuild/installs/software/GL2PS/1.4.2-GCCcore-11.2.0/lib/../lib64/:/usr/ebuild/installs/software/freeglut/3.2.1-GCCcore-11.2.0/lib/../lib64/:/usr/ebuild/installs/software/libGLU/9.0.2-GCCcore-11.2.0/lib/../lib64/:/usr/ebuild/installs/software/Mesa/21.1.7-GCCcore-11.2.0/lib/../lib64/:/usr/ebuild/installs/software/LLVM/12.0.1-GCCcore-11.2.0/lib/../lib64/:/usr/ebuild/installs/software/libunwind/1.5.0-GCCcore-11.2.0/lib/../lib64/:/usr/ebuild/installs/software/libglvnd/1.3.3-GCCcore-11.2.0/lib/../lib64/:/usr/ebuild/installs/software/libdrm/2.4.107-GCCcore-11.2.0/lib/../lib64/:/usr/ebuild/installs/software/X11/20210802-GCCcore-11.2.0/lib/../lib64/:/usr/ebuild/installs/software/fontconfig/2.13.94-GCCcore-11.2.0/lib/../lib64/:/usr/ebuild/installs/software/util-linux/2.37-GCCcore-11.2.0/lib/../lib64/:/usr/ebuild/installs/software/expat/2.4.1-GCCcore-11.2.0/lib/../lib64/:/usr/ebuild/installs/software/SciPy-bundle/2021.10-foss-2021b/lib/../lib64/:/usr/ebuild/installs/software/Python/3.9.6-GCCcore-11.2.0/lib/../lib64/:/usr/ebuild/installs/software/libffi/3.4.2-GCCcore-11.2.0/lib64/../lib64/:/usr/ebuild/installs/software/libffi/3.4.2-GCCcore-11.2.0/lib/../lib64/:/usr/ebuild/installs/software/GMP/6.2.1-GCCcore-11.2.0/lib/../lib64/:/usr/ebuild/installs/software/SQLite/3.36-GCCcore-11.2.0/lib/../lib64/:/usr/ebuild/installs/software/Tcl/8.6.11-GCCcore-11.2.0/lib/../lib64/:/usr/ebuild/installs/software/libreadline/8.1-GCCcore-11.2.0/lib/../lib64/:/usr/ebuild/installs/software/ncurses/6.2-GCCcore-11.2.0/lib/../lib64/:/usr/ebuild/installs/software/freetype/2.11.0-GCCcore-11.2.0/lib/../lib64/:/usr/ebuild/installs/software/Brotli/1.0.9-GCCcore-11.2.0/lib/../lib64/:/usr/ebuild/installs/software/CFITSIO/3.49-GCCcore-11.2.0/lib/../lib64/:/usr/ebuild/installs/software/cURL/7.78.0-GCCcore-11.2.0/lib/../lib64/:/usr/ebuild/installs/software/PCRE/8.45-GCCcore-11.2.0/lib/../lib64/:/usr/ebuild/installs/software/bzip2/1.0.8-GCCcore-11.2.0/lib/../lib64/:/usr/ebuild/installs/software/GSL/2.7-GCC-11.2.0/lib/../lib64/:/usr/ebuild/installs/software/ScaLAPACK/2.1.0-gompi-2021b-fb/lib/../lib64/:/usr/ebuild/installs/software/FFTW/3.3.10-gompi-2021b/lib/../lib64/:/usr/ebuild/installs/software/FlexiBLAS/3.0.4-GCC-11.2.0/lib/../lib64/:/usr/ebuild/installs/software/OpenBLAS/0.3.18-GCC-11.2.0/lib/../lib64/:/usr/ebuild/installs/software/OpenMPI/4.1.1-GCC-11.2.0/lib/../lib64/:/usr/ebuild/installs/software/PMIx/4.1.0-GCCcore-11.2.0/lib/../lib64/:/usr/ebuild/installs/software/libfabric/1.13.2-GCCcore-11.2.0/lib/../lib64/:/usr/ebuild/installs/software/UCX/1.11.2-GCCcore-11.2.0/lib/../lib64/:/usr/ebuild/installs/software/libevent/2.1.12-GCCcore-11.2.0/lib/../lib64/:/usr/ebuild/installs/software/OpenSSL/1.1/lib/../lib64/:/usr/ebuild/installs/software/hwloc/2.5.0-GCCcore-11.2.0/lib/../lib64/:/usr/ebuild/installs/software/libpciaccess/0.16-GCCcore-11.2.0/lib/../lib64/:/usr/ebuild/installs/software/numactl/2.0.14-GCCcore-11.2.0/lib/../lib64/:/usr/ebuild/installs/software/binutils/2.37-GCCcore-11.2.0/lib/../lib64/:/usr/ebuild/software/emerald/software/GCCcore/11.3.0/bin/../lib/gcc/x86_64-pc-linux-gnu/11.3.0/../../../../lib64/:/lib/../lib64/:/usr/lib/../lib64/:/usr/ebuild/installs/software/DCMTK/3.6.7-GCCcore-11.3.0/lib/:/usr/ebuild/installs/software/libxml2/2.9.13-GCCcore-11.3.0/lib/:/usr/ebuild/installs/software/XZ/5.2.5-GCCcore-11.3.0/lib/:/usr/ebuild/installs/software/libpng/1.6.37-GCCcore-11.3.0/lib/:/usr/ebuild/installs/software/zlib/1.2.12-GCCcore-11.3.0/lib/:/usr/ebuild/installs/software/ROOT/6.24.06-foss-2021b/lib/:/cm/shared/apps/slurm/current/lib64/slurm/:/cm/shared/apps/slurm/current/lib64/:/usr/ebuild/installs/software/libiconv/1.17-GCCcore-11.3.0/lib/:/usr/ebuild/installs/software/LibTIFF/4.3.0-GCCcore-11.3.0/lib/:/usr/ebuild/installs/software/libdeflate/1.10-GCCcore-11.3.0/lib/:/usr/ebuild/installs/software/zstd/1.5.2-GCCcore-11.3.0/lib/:/usr/ebuild/installs/software/lz4/1.9.3-GCCcore-11.3.0/lib/:/usr/ebuild/installs/software/jbigkit/2.1-GCCcore-11.3.0/lib/:/usr/ebuild/installs/software/libjpeg-turbo/2.1.3-GCCcore-11.3.0/lib/:/usr/ebuild/installs/software/GL2PS/1.4.2-GCCcore-11.2.0/lib/:/usr/ebuild/installs/software/freeglut/3.2.1-GCCcore-11.2.0/lib/:/usr/ebuild/installs/software/libGLU/9.0.2-GCCcore-11.2.0/lib/:/usr/ebuild/installs/software/Mesa/21.1.7-GCCcore-11.2.0/lib/:/usr/ebuild/installs/software/LLVM/12.0.1-GCCcore-11.2.0/lib/:/usr/ebuild/installs/software/libunwind/1.5.0-GCCcore-11.2.0/lib/:/usr/ebuild/installs/software/libglvnd/1.3.3-GCCcore-11.2.0/lib/:/usr/ebuild/installs/software/libdrm/2.4.107-GCCcore-11.2.0/lib/:/usr/ebuild/installs/software/X11/20210802-GCCcore-11.2.0/lib/:/usr/ebuild/installs/software/fontconfig/2.13.94-GCCcore-11.2.0/lib/:/usr/ebuild/installs/software/util-linux/2.37-GCCcore-11.2.0/lib/:/usr/ebuild/installs/software/expat/2.4.1-GCCcore-11.2.0/lib/:/usr/ebuild/installs/software/SciPy-bundle/2021.10-foss-2021b/lib/python3.9/site-packages/numpy/core/lib/:/usr/ebuild/installs/software/SciPy-bundle/2021.10-foss-2021b/lib/:/usr/ebuild/installs/software/Python/3.9.6-GCCcore-11.2.0/lib/:/usr/ebuild/installs/software/libffi/3.4.2-GCCcore-11.2.0/lib64/:/usr/ebuild/installs/software/libffi/3.4.2-GCCcore-11.2.0/lib/:/usr/ebuild/installs/software/GMP/6.2.1-GCCcore-11.2.0/lib/:/usr/ebuild/installs/software/SQLite/3.36-GCCcore-11.2.0/lib/:/usr/ebuild/installs/software/Tcl/8.6.11-GCCcore-11.2.0/lib/:/usr/ebuild/installs/software/libreadline/8.1-GCCcore-11.2.0/lib/:/usr/ebuild/installs/software/ncurses/6.2-GCCcore-11.2.0/lib/:/usr/ebuild/installs/software/freetype/2.11.0-GCCcore-11.2.0/lib/:/usr/ebuild/installs/software/Brotli/1.0.9-GCCcore-11.2.0/lib/:/usr/ebuild/installs/software/CFITSIO/3.49-GCCcore-11.2.0/lib/:/usr/ebuild/installs/software/cURL/7.78.0-GCCcore-11.2.0/lib/:/usr/ebuild/installs/software/PCRE/8.45-GCCcore-11.2.0/lib/:/usr/ebuild/installs/software/bzip2/1.0.8-GCCcore-11.2.0/lib/:/usr/ebuild/installs/software/GSL/2.7-GCC-11.2.0/lib/:/usr/ebuild/installs/software/ScaLAPACK/2.1.0-gompi-2021b-fb/lib/:/usr/ebuild/installs/software/FFTW/3.3.10-gompi-2021b/lib/:/usr/ebuild/installs/software/FlexiBLAS/3.0.4-GCC-11.2.0/lib/:/usr/ebuild/installs/software/OpenBLAS/0.3.18-GCC-11.2.0/lib/:/usr/ebuild/installs/software/OpenMPI/4.1.1-GCC-11.2.0/lib/:/usr/ebuild/installs/software/PMIx/4.1.0-GCCcore-11.2.0/lib/:/usr/ebuild/installs/software/libfabric/1.13.2-GCCcore-11.2.0/lib/:/usr/ebuild/installs/software/UCX/1.11.2-GCCcore-11.2.0/lib/:/usr/ebuild/installs/software/libevent/2.1.12-GCCcore-11.2.0/lib/:/usr/ebuild/installs/software/OpenSSL/1.1/lib/:/usr/ebuild/installs/software/hwloc/2.5.0-GCCcore-11.2.0/lib/:/usr/ebuild/installs/software/libpciaccess/0.16-GCCcore-11.2.0/lib/:/usr/ebuild/installs/software/numactl/2.0.14-GCCcore-11.2.0/lib/:/usr/ebuild/installs/software/binutils/2.37-GCCcore-11.2.0/lib/:/usr/ebuild/software/emerald/software/GCCcore/11.3.0/bin/../lib/gcc/x86_64-pc-linux-gnu/11.3.0/../../../:/lib/:/usr/lib/]
  ignore line: [COLLECT_GCC_OPTIONS='-v' '-o' 'CMakeFiles/cmTC_eddd1.dir/CMakeCXXCompilerABI.cpp.o' '-c' '-shared-libgcc' '-mtune=generic' '-march=x86-64' '-dumpdir' 'CMakeFiles/cmTC_eddd1.dir/CMakeCXXCompilerABI.cpp.']
  ignore line: [Linking CXX executable cmTC_eddd1]
  ignore line: [/cm/shared/apps/CMake/3.17.0/bin/cmake -E cmake_link_script CMakeFiles/cmTC_eddd1.dir/link.txt --verbose=1]
  ignore line: [/usr/ebuild/installs/software/GCCcore/11.3.0/bin/c++      -v -rdynamic CMakeFiles/cmTC_eddd1.dir/CMakeCXXCompilerABI.cpp.o  -o cmTC_eddd1 ]
  ignore line: [Using built-in specs.]
  ignore line: [COLLECT_GCC=/usr/ebuild/installs/software/GCCcore/11.3.0/bin/c++]
  ignore line: [COLLECT_LTO_WRAPPER=/usr/ebuild/software/emerald/software/GCCcore/11.3.0/bin/../libexec/gcc/x86_64-pc-linux-gnu/11.3.0/lto-wrapper]
  ignore line: [OFFLOAD_TARGET_NAMES=nvptx-none]
  ignore line: [Target: x86_64-pc-linux-gnu]
  ignore line: [Configured with: ../configure --enable-languages=c,c++,fortran --without-cuda-driver --enable-offload-targets=nvptx-none --enable-lto --enable-checking=release --disable-multilib --enable-shared=yes --enable-static=yes --enable-threads=posix --enable-plugins --enable-gold --enable-ld=default --prefix=/usr/ebuild/installs/software/GCCcore/11.3.0 --with-local-prefix=/usr/ebuild/installs/software/GCCcore/11.3.0 --enable-bootstrap --with-isl=/scratch/ebuild/GCCcore/11.3.0/system-system/gcc-11.3.0/stage2_stuff --build=x86_64-pc-linux-gnu --host=x86_64-pc-linux-gnu]
  ignore line: [Thread model: posix]
  ignore line: [Supported LTO compression algorithms: zlib zstd]
  ignore line: [gcc version 11.3.0 (GCC) ]
  ignore line: [COMPILER_PATH=/usr/ebuild/software/emerald/software/GCCcore/11.3.0/bin/../libexec/gcc/x86_64-pc-linux-gnu/11.3.0/:/usr/ebuild/software/emerald/software/GCCcore/11.3.0/bin/../libexec/gcc/]
  ignore line: [LIBRARY_PATH=/usr/ebuild/software/emerald/software/GCCcore/11.3.0/bin/../lib/gcc/x86_64-pc-linux-gnu/11.3.0/:/usr/ebuild/software/emerald/software/GCCcore/11.3.0/bin/../lib/gcc/:/usr/ebuild/installs/software/DCMTK/3.6.7-GCCcore-11.3.0/lib/../lib64/:/usr/ebuild/installs/software/libxml2/2.9.13-GCCcore-11.3.0/lib/../lib64/:/usr/ebuild/installs/software/XZ/5.2.5-GCCcore-11.3.0/lib/../lib64/:/usr/ebuild/installs/software/libpng/1.6.37-GCCcore-11.3.0/lib/../lib64/:/usr/ebuild/installs/software/zlib/1.2.12-GCCcore-11.3.0/lib/../lib64/:/usr/ebuild/installs/software/ROOT/6.24.06-foss-2021b/lib/../lib64/:/cm/shared/apps/slurm/current/lib64/../lib64/:/usr/ebuild/installs/software/libiconv/1.17-GCCcore-11.3.0/lib/../lib64/:/usr/ebuild/installs/software/LibTIFF/4.3.0-GCCcore-11.3.0/lib/../lib64/:/usr/ebuild/installs/software/libdeflate/1.10-GCCcore-11.3.0/lib/../lib64/:/usr/ebuild/installs/software/zstd/1.5.2-GCCcore-11.3.0/lib/../lib64/:/usr/ebuild/installs/software/lz4/1.9.3-GCCcore-11.3.0/lib/../lib64/:/usr/ebuild/installs/software/jbigkit/2.1-GCCcore-11.3.0/lib/../lib64/:/usr/ebuild/installs/software/libjpeg-turbo/2.1.3-GCCcore-11.3.0/lib/../lib64/:/usr/ebuild/installs/software/GL2PS/1.4.2-GCCcore-11.2.0/lib/../lib64/:/usr/ebuild/installs/software/freeglut/3.2.1-GCCcore-11.2.0/lib/../lib64/:/usr/ebuild/installs/software/libGLU/9.0.2-GCCcore-11.2.0/lib/../lib64/:/usr/ebuild/installs/software/Mesa/21.1.7-GCCcore-11.2.0/lib/../lib64/:/usr/ebuild/installs/software/LLVM/12.0.1-GCCcore-11.2.0/lib/../lib64/:/usr/ebuild/installs/software/libunwind/1.5.0-GCCcore-11.2.0/lib/../lib64/:/usr/ebuild/installs/software/libglvnd/1.3.3-GCCcore-11.2.0/lib/../lib64/:/usr/ebuild/installs/software/libdrm/2.4.107-GCCcore-11.2.0/lib/../lib64/:/usr/ebuild/installs/software/X11/20210802-GCCcore-11.2.0/lib/../lib64/:/usr/ebuild/installs/software/fontconfig/2.13.94-GCCcore-11.2.0/lib/../lib64/:/usr/ebuild/installs/software/util-linux/2.37-GCCcore-11.2.0/lib/../lib64/:/usr/ebuild/installs/software/expat/2.4.1-GCCcore-11.2.0/lib/../lib64/:/usr/ebuild/installs/software/SciPy-bundle/2021.10-foss-2021b/lib/../lib64/:/usr/ebuild/installs/software/Python/3.9.6-GCCcore-11.2.0/lib/../lib64/:/usr/ebuild/installs/software/libffi/3.4.2-GCCcore-11.2.0/lib64/../lib64/:/usr/ebuild/installs/software/libffi/3.4.2-GCCcore-11.2.0/lib/../lib64/:/usr/ebuild/installs/software/GMP/6.2.1-GCCcore-11.2.0/lib/../lib64/:/usr/ebuild/installs/software/SQLite/3.36-GCCcore-11.2.0/lib/../lib64/:/usr/ebuild/installs/software/Tcl/8.6.11-GCCcore-11.2.0/lib/../lib64/:/usr/ebuild/installs/software/libreadline/8.1-GCCcore-11.2.0/lib/../lib64/:/usr/ebuild/installs/software/ncurses/6.2-GCCcore-11.2.0/lib/../lib64/:/usr/ebuild/installs/software/freetype/2.11.0-GCCcore-11.2.0/lib/../lib64/:/usr/ebuild/installs/software/Brotli/1.0.9-GCCcore-11.2.0/lib/../lib64/:/usr/ebuild/installs/software/CFITSIO/3.49-GCCcore-11.2.0/lib/../lib64/:/usr/ebuild/installs/software/cURL/7.78.0-GCCcore-11.2.0/lib/../lib64/:/usr/ebuild/installs/software/PCRE/8.45-GCCcore-11.2.0/lib/../lib64/:/usr/ebuild/installs/software/bzip2/1.0.8-GCCcore-11.2.0/lib/../lib64/:/usr/ebuild/installs/software/GSL/2.7-GCC-11.2.0/lib/../lib64/:/usr/ebuild/installs/software/ScaLAPACK/2.1.0-gompi-2021b-fb/lib/../lib64/:/usr/ebuild/installs/software/FFTW/3.3.10-gompi-2021b/lib/../lib64/:/usr/ebuild/installs/software/FlexiBLAS/3.0.4-GCC-11.2.0/lib/../lib64/:/usr/ebuild/installs/software/OpenBLAS/0.3.18-GCC-11.2.0/lib/../lib64/:/usr/ebuild/installs/software/OpenMPI/4.1.1-GCC-11.2.0/lib/../lib64/:/usr/ebuild/installs/software/PMIx/4.1.0-GCCcore-11.2.0/lib/../lib64/:/usr/ebuild/installs/software/libfabric/1.13.2-GCCcore-11.2.0/lib/../lib64/:/usr/ebuild/installs/software/UCX/1.11.2-GCCcore-11.2.0/lib/../lib64/:/usr/ebuild/installs/software/libevent/2.1.12-GCCcore-11.2.0/lib/../lib64/:/usr/ebuild/installs/software/OpenSSL/1.1/lib/../lib64/:/usr/ebuild/installs/software/hwloc/2.5.0-GCCcore-11.2.0/lib/../lib64/:/usr/ebuild/installs/software/libpciaccess/0.16-GCCcore-11.2.0/lib/../lib64/:/usr/ebuild/installs/software/numactl/2.0.14-GCCcore-11.2.0/lib/../lib64/:/usr/ebuild/installs/software/binutils/2.37-GCCcore-11.2.0/lib/../lib64/:/usr/ebuild/software/emerald/software/GCCcore/11.3.0/bin/../lib/gcc/x86_64-pc-linux-gnu/11.3.0/../../../../lib64/:/lib/../lib64/:/usr/lib/../lib64/:/usr/ebuild/installs/software/DCMTK/3.6.7-GCCcore-11.3.0/lib/:/usr/ebuild/installs/software/libxml2/2.9.13-GCCcore-11.3.0/lib/:/usr/ebuild/installs/software/XZ/5.2.5-GCCcore-11.3.0/lib/:/usr/ebuild/installs/software/libpng/1.6.37-GCCcore-11.3.0/lib/:/usr/ebuild/installs/software/zlib/1.2.12-GCCcore-11.3.0/lib/:/usr/ebuild/installs/software/ROOT/6.24.06-foss-2021b/lib/:/cm/shared/apps/slurm/current/lib64/slurm/:/cm/shared/apps/slurm/current/lib64/:/usr/ebuild/installs/software/libiconv/1.17-GCCcore-11.3.0/lib/:/usr/ebuild/installs/software/LibTIFF/4.3.0-GCCcore-11.3.0/lib/:/usr/ebuild/installs/software/libdeflate/1.10-GCCcore-11.3.0/lib/:/usr/ebuild/installs/software/zstd/1.5.2-GCCcore-11.3.0/lib/:/usr/ebuild/installs/software/lz4/1.9.3-GCCcore-11.3.0/lib/:/usr/ebuild/installs/software/jbigkit/2.1-GCCcore-11.3.0/lib/:/usr/ebuild/installs/software/libjpeg-turbo/2.1.3-GCCcore-11.3.0/lib/:/usr/ebuild/installs/software/GL2PS/1.4.2-GCCcore-11.2.0/lib/:/usr/ebuild/installs/software/freeglut/3.2.1-GCCcore-11.2.0/lib/:/usr/ebuild/installs/software/libGLU/9.0.2-GCCcore-11.2.0/lib/:/usr/ebuild/installs/software/Mesa/21.1.7-GCCcore-11.2.0/lib/:/usr/ebuild/installs/software/LLVM/12.0.1-GCCcore-11.2.0/lib/:/usr/ebuild/installs/software/libunwind/1.5.0-GCCcore-11.2.0/lib/:/usr/ebuild/installs/software/libglvnd/1.3.3-GCCcore-11.2.0/lib/:/usr/ebuild/installs/software/libdrm/2.4.107-GCCcore-11.2.0/lib/:/usr/ebuild/installs/software/X11/20210802-GCCcore-11.2.0/lib/:/usr/ebuild/installs/software/fontconfig/2.13.94-GCCcore-11.2.0/lib/:/usr/ebuild/installs/software/util-linux/2.37-GCCcore-11.2.0/lib/:/usr/ebuild/installs/software/expat/2.4.1-GCCcore-11.2.0/lib/:/usr/ebuild/installs/software/SciPy-bundle/2021.10-foss-2021b/lib/python3.9/site-packages/numpy/core/lib/:/usr/ebuild/installs/software/SciPy-bundle/2021.10-foss-2021b/lib/:/usr/ebuild/installs/software/Python/3.9.6-GCCcore-11.2.0/lib/:/usr/ebuild/installs/software/libffi/3.4.2-GCCcore-11.2.0/lib64/:/usr/ebuild/installs/software/libffi/3.4.2-GCCcore-11.2.0/lib/:/usr/ebuild/installs/software/GMP/6.2.1-GCCcore-11.2.0/lib/:/usr/ebuild/installs/software/SQLite/3.36-GCCcore-11.2.0/lib/:/usr/ebuild/installs/software/Tcl/8.6.11-GCCcore-11.2.0/lib/:/usr/ebuild/installs/software/libreadline/8.1-GCCcore-11.2.0/lib/:/usr/ebuild/installs/software/ncurses/6.2-GCCcore-11.2.0/lib/:/usr/ebuild/installs/software/freetype/2.11.0-GCCcore-11.2.0/lib/:/usr/ebuild/installs/software/Brotli/1.0.9-GCCcore-11.2.0/lib/:/usr/ebuild/installs/software/CFITSIO/3.49-GCCcore-11.2.0/lib/:/usr/ebuild/installs/software/cURL/7.78.0-GCCcore-11.2.0/lib/:/usr/ebuild/installs/software/PCRE/8.45-GCCcore-11.2.0/lib/:/usr/ebuild/installs/software/bzip2/1.0.8-GCCcore-11.2.0/lib/:/usr/ebuild/installs/software/GSL/2.7-GCC-11.2.0/lib/:/usr/ebuild/installs/software/ScaLAPACK/2.1.0-gompi-2021b-fb/lib/:/usr/ebuild/installs/software/FFTW/3.3.10-gompi-2021b/lib/:/usr/ebuild/installs/software/FlexiBLAS/3.0.4-GCC-11.2.0/lib/:/usr/ebuild/installs/software/OpenBLAS/0.3.18-GCC-11.2.0/lib/:/usr/ebuild/installs/software/OpenMPI/4.1.1-GCC-11.2.0/lib/:/usr/ebuild/installs/software/PMIx/4.1.0-GCCcore-11.2.0/lib/:/usr/ebuild/installs/software/libfabric/1.13.2-GCCcore-11.2.0/lib/:/usr/ebuild/installs/software/UCX/1.11.2-GCCcore-11.2.0/lib/:/usr/ebuild/installs/software/libevent/2.1.12-GCCcore-11.2.0/lib/:/usr/ebuild/installs/software/OpenSSL/1.1/lib/:/usr/ebuild/installs/software/hwloc/2.5.0-GCCcore-11.2.0/lib/:/usr/ebuild/installs/software/libpciaccess/0.16-GCCcore-11.2.0/lib/:/usr/ebuild/installs/software/numactl/2.0.14-GCCcore-11.2.0/lib/:/usr/ebuild/installs/software/binutils/2.37-GCCcore-11.2.0/lib/:/usr/ebuild/software/emerald/software/GCCcore/11.3.0/bin/../lib/gcc/x86_64-pc-linux-gnu/11.3.0/../../../:/lib/:/usr/lib/]
  ignore line: [COLLECT_GCC_OPTIONS='-v' '-rdynamic' '-o' 'cmTC_eddd1' '-shared-libgcc' '-mtune=generic' '-march=x86-64' '-dumpdir' 'cmTC_eddd1.']
  link line: [ /usr/ebuild/software/emerald/software/GCCcore/11.3.0/bin/../libexec/gcc/x86_64-pc-linux-gnu/11.3.0/collect2 -plugin /usr/ebuild/software/emerald/software/GCCcore/11.3.0/bin/../libexec/gcc/x86_64-pc-linux-gnu/11.3.0/liblto_plugin.so -plugin-opt=/usr/ebuild/software/emerald/software/GCCcore/11.3.0/bin/../libexec/gcc/x86_64-pc-linux-gnu/11.3.0/lto-wrapper -plugin-opt=-fresolution=/tmp/cclNkP1Z.res -plugin-opt=-pass-through=-lgcc_s -plugin-opt=-pass-through=-lgcc -plugin-opt=-pass-through=-lc -plugin-opt=-pass-through=-lgcc_s -plugin-opt=-pass-through=-lgcc --eh-frame-hdr -m elf_x86_64 -export-dynamic -dynamic-linker /lib64/ld-linux-x86-64.so.2 -o cmTC_eddd1 /lib/../lib64/crt1.o /lib/../lib64/crti.o /usr/ebuild/software/emerald/software/GCCcore/11.3.0/bin/../lib/gcc/x86_64-pc-linux-gnu/11.3.0/crtbegin.o -L/usr/ebuild/software/emerald/software/GCCcore/11.3.0/bin/../lib/gcc/x86_64-pc-linux-gnu/11.3.0 -L/usr/ebuild/software/emerald/software/GCCcore/11.3.0/bin/../lib/gcc -L/usr/ebuild/installs/software/DCMTK/3.6.7-GCCcore-11.3.0/lib/../lib64 -L/usr/ebuild/installs/software/libxml2/2.9.13-GCCcore-11.3.0/lib/../lib64 -L/usr/ebuild/installs/software/XZ/5.2.5-GCCcore-11.3.0/lib/../lib64 -L/usr/ebuild/installs/software/libpng/1.6.37-GCCcore-11.3.0/lib/../lib64 -L/usr/ebuild/installs/software/zlib/1.2.12-GCCcore-11.3.0/lib/../lib64 -L/usr/ebuild/installs/software/ROOT/6.24.06-foss-2021b/lib/../lib64 -L/cm/shared/apps/slurm/current/lib64/../lib64 -L/usr/ebuild/installs/software/libiconv/1.17-GCCcore-11.3.0/lib/../lib64 -L/usr/ebuild/installs/software/LibTIFF/4.3.0-GCCcore-11.3.0/lib/../lib64 -L/usr/ebuild/installs/software/libdeflate/1.10-GCCcore-11.3.0/lib/../lib64 -L/usr/ebuild/installs/software/zstd/1.5.2-GCCcore-11.3.0/lib/../lib64 -L/usr/ebuild/installs/software/lz4/1.9.3-GCCcore-11.3.0/lib/../lib64 -L/usr/ebuild/installs/software/jbigkit/2.1-GCCcore-11.3.0/lib/../lib64 -L/usr/ebuild/installs/software/libjpeg-turbo/2.1.3-GCCcore-11.3.0/lib/../lib64 -L/usr/ebuild/installs/software/GL2PS/1.4.2-GCCcore-11.2.0/lib/../lib64 -L/usr/ebuild/installs/software/freeglut/3.2.1-GCCcore-11.2.0/lib/../lib64 -L/usr/ebuild/installs/software/libGLU/9.0.2-GCCcore-11.2.0/lib/../lib64 -L/usr/ebuild/installs/software/Mesa/21.1.7-GCCcore-11.2.0/lib/../lib64 -L/usr/ebuild/installs/software/LLVM/12.0.1-GCCcore-11.2.0/lib/../lib64 -L/usr/ebuild/installs/software/libunwind/1.5.0-GCCcore-11.2.0/lib/../lib64 -L/usr/ebuild/installs/software/libglvnd/1.3.3-GCCcore-11.2.0/lib/../lib64 -L/usr/ebuild/installs/software/libdrm/2.4.107-GCCcore-11.2.0/lib/../lib64 -L/usr/ebuild/installs/software/X11/20210802-GCCcore-11.2.0/lib/../lib64 -L/usr/ebuild/installs/software/fontconfig/2.13.94-GCCcore-11.2.0/lib/../lib64 -L/usr/ebuild/installs/software/util-linux/2.37-GCCcore-11.2.0/lib/../lib64 -L/usr/ebuild/installs/software/expat/2.4.1-GCCcore-11.2.0/lib/../lib64 -L/usr/ebuild/installs/software/SciPy-bundle/2021.10-foss-2021b/lib/../lib64 -L/usr/ebuild/installs/software/Python/3.9.6-GCCcore-11.2.0/lib/../lib64 -L/usr/ebuild/installs/software/libffi/3.4.2-GCCcore-11.2.0/lib64/../lib64 -L/usr/ebuild/installs/software/libffi/3.4.2-GCCcore-11.2.0/lib/../lib64 -L/usr/ebuild/installs/software/GMP/6.2.1-GCCcore-11.2.0/lib/../lib64 -L/usr/ebuild/installs/software/SQLite/3.36-GCCcore-11.2.0/lib/../lib64 -L/usr/ebuild/installs/software/Tcl/8.6.11-GCCcore-11.2.0/lib/../lib64 -L/usr/ebuild/installs/software/libreadline/8.1-GCCcore-11.2.0/lib/../lib64 -L/usr/ebuild/installs/software/ncurses/6.2-GCCcore-11.2.0/lib/../lib64 -L/usr/ebuild/installs/software/freetype/2.11.0-GCCcore-11.2.0/lib/../lib64 -L/usr/ebuild/installs/software/Brotli/1.0.9-GCCcore-11.2.0/lib/../lib64 -L/usr/ebuild/installs/software/CFITSIO/3.49-GCCcore-11.2.0/lib/../lib64 -L/usr/ebuild/installs/software/cURL/7.78.0-GCCcore-11.2.0/lib/../lib64 -L/usr/ebuild/installs/software/PCRE/8.45-GCCcore-11.2.0/lib/../lib64 -L/usr/ebuild/installs/software/bzip2/1.0.8-GCCcore-11.2.0/lib/../lib64 -L/usr/ebuild/installs/software/GSL/2.7-GCC-11.2.0/lib/../lib64 -L/usr/ebuild/installs/software/ScaLAPACK/2.1.0-gompi-2021b-fb/lib/../lib64 -L/usr/ebuild/installs/software/FFTW/3.3.10-gompi-2021b/lib/../lib64 -L/usr/ebuild/installs/software/FlexiBLAS/3.0.4-GCC-11.2.0/lib/../lib64 -L/usr/ebuild/installs/software/OpenBLAS/0.3.18-GCC-11.2.0/lib/../lib64 -L/usr/ebuild/installs/software/OpenMPI/4.1.1-GCC-11.2.0/lib/../lib64 -L/usr/ebuild/installs/software/PMIx/4.1.0-GCCcore-11.2.0/lib/../lib64 -L/usr/ebuild/installs/software/libfabric/1.13.2-GCCcore-11.2.0/lib/../lib64 -L/usr/ebuild/installs/software/UCX/1.11.2-GCCcore-11.2.0/lib/../lib64 -L/usr/ebuild/installs/software/libevent/2.1.12-GCCcore-11.2.0/lib/../lib64 -L/usr/ebuild/installs/software/OpenSSL/1.1/lib/../lib64 -L/usr/ebuild/installs/software/hwloc/2.5.0-GCCcore-11.2.0/lib/../lib64 -L/usr/ebuild/installs/software/libpciaccess/0.16-GCCcore-11.2.0/lib/../lib64 -L/usr/ebuild/installs/software/numactl/2.0.14-GCCcore-11.2.0/lib/../lib64 -L/usr/ebuild/installs/software/binutils/2.37-GCCcore-11.2.0/lib/../lib64 -L/usr/ebuild/software/emerald/software/GCCcore/11.3.0/bin/../lib/gcc/x86_64-pc-linux-gnu/11.3.0/../../../../lib64 -L/lib/../lib64 -L/usr/lib/../lib64 -L/usr/ebuild/installs/software/DCMTK/3.6.7-GCCcore-11.3.0/lib -L/usr/ebuild/installs/software/libxml2/2.9.13-GCCcore-11.3.0/lib -L/usr/ebuild/installs/software/XZ/5.2.5-GCCcore-11.3.0/lib -L/usr/ebuild/installs/software/libpng/1.6.37-GCCcore-11.3.0/lib -L/usr/ebuild/installs/software/zlib/1.2.12-GCCcore-11.3.0/lib -L/usr/ebuild/installs/software/ROOT/6.24.06-foss-2021b/lib -L/cm/shared/apps/slurm/current/lib64/slurm -L/cm/shared/apps/slurm/current/lib64 -L/usr/ebuild/installs/software/libiconv/1.17-GCCcore-11.3.0/lib -L/usr/ebuild/installs/software/LibTIFF/4.3.0-GCCcore-11.3.0/lib -L/usr/ebuild/installs/software/libdeflate/1.10-GCCcore-11.3.0/lib -L/usr/ebuild/installs/software/zstd/1.5.2-GCCcore-11.3.0/lib -L/usr/ebuild/installs/software/lz4/1.9.3-GCCcore-11.3.0/lib -L/usr/ebuild/installs/software/jbigkit/2.1-GCCcore-11.3.0/lib -L/usr/ebuild/installs/software/libjpeg-turbo/2.1.3-GCCcore-11.3.0/lib -L/usr/ebuild/installs/software/GL2PS/1.4.2-GCCcore-11.2.0/lib -L/usr/ebuild/installs/software/freeglut/3.2.1-GCCcore-11.2.0/lib -L/usr/ebuild/installs/software/libGLU/9.0.2-GCCcore-11.2.0/lib -L/usr/ebuild/installs/software/Mesa/21.1.7-GCCcore-11.2.0/lib -L/usr/ebuild/installs/software/LLVM/12.0.1-GCCcore-11.2.0/lib -L/usr/ebuild/installs/software/libunwind/1.5.0-GCCcore-11.2.0/lib -L/usr/ebuild/installs/software/libglvnd/1.3.3-GCCcore-11.2.0/lib -L/usr/ebuild/installs/software/libdrm/2.4.107-GCCcore-11.2.0/lib -L/usr/ebuild/installs/software/X11/20210802-GCCcore-11.2.0/lib -L/usr/ebuild/installs/software/fontconfig/2.13.94-GCCcore-11.2.0/lib -L/usr/ebuild/installs/software/util-linux/2.37-GCCcore-11.2.0/lib -L/usr/ebuild/installs/software/expat/2.4.1-GCCcore-11.2.0/lib -L/usr/ebuild/installs/software/SciPy-bundle/2021.10-foss-2021b/lib/python3.9/site-packages/numpy/core/lib -L/usr/ebuild/installs/software/SciPy-bundle/2021.10-foss-2021b/lib -L/usr/ebuild/installs/software/Python/3.9.6-GCCcore-11.2.0/lib -L/usr/ebuild/installs/software/libffi/3.4.2-GCCcore-11.2.0/lib64 -L/usr/ebuild/installs/software/libffi/3.4.2-GCCcore-11.2.0/lib -L/usr/ebuild/installs/software/GMP/6.2.1-GCCcore-11.2.0/lib -L/usr/ebuild/installs/software/SQLite/3.36-GCCcore-11.2.0/lib -L/usr/ebuild/installs/software/Tcl/8.6.11-GCCcore-11.2.0/lib -L/usr/ebuild/installs/software/libreadline/8.1-GCCcore-11.2.0/lib -L/usr/ebuild/installs/software/ncurses/6.2-GCCcore-11.2.0/lib -L/usr/ebuild/installs/software/freetype/2.11.0-GCCcore-11.2.0/lib -L/usr/ebuild/installs/software/Brotli/1.0.9-GCCcore-11.2.0/lib -L/usr/ebuild/installs/software/CFITSIO/3.49-GCCcore-11.2.0/lib -L/usr/ebuild/installs/software/cURL/7.78.0-GCCcore-11.2.0/lib -L/usr/ebuild/installs/software/PCRE/8.45-GCCcore-11.2.0/lib -L/usr/ebuild/installs/software/bzip2/1.0.8-GCCcore-11.2.0/lib -L/usr/ebuild/installs/software/GSL/2.7-GCC-11.2.0/lib -L/usr/ebuild/installs/software/ScaLAPACK/2.1.0-gompi-2021b-fb/lib -L/usr/ebuild/installs/software/FFTW/3.3.10-gompi-2021b/lib -L/usr/ebuild/installs/software/FlexiBLAS/3.0.4-GCC-11.2.0/lib -L/usr/ebuild/installs/software/OpenBLAS/0.3.18-GCC-11.2.0/lib -L/usr/ebuild/installs/software/OpenMPI/4.1.1-GCC-11.2.0/lib -L/usr/ebuild/installs/software/PMIx/4.1.0-GCCcore-11.2.0/lib -L/usr/ebuild/installs/software/libfabric/1.13.2-GCCcore-11.2.0/lib -L/usr/ebuild/installs/software/UCX/1.11.2-GCCcore-11.2.0/lib -L/usr/ebuild/installs/software/libevent/2.1.12-GCCcore-11.2.0/lib -L/usr/ebuild/installs/software/OpenSSL/1.1/lib -L/usr/ebuild/installs/software/hwloc/2.5.0-GCCcore-11.2.0/lib -L/usr/ebuild/installs/software/libpciaccess/0.16-GCCcore-11.2.0/lib -L/usr/ebuild/installs/software/numactl/2.0.14-GCCcore-11.2.0/lib -L/usr/ebuild/installs/software/binutils/2.37-GCCcore-11.2.0/lib -L/usr/ebuild/software/emerald/software/GCCcore/11.3.0/bin/../lib/gcc/x86_64-pc-linux-gnu/11.3.0/../../.. CMakeFiles/cmTC_eddd1.dir/CMakeCXXCompilerABI.cpp.o -lstdc++ -lm -lgcc_s -lgcc -lc -lgcc_s -lgcc /usr/ebuild/software/emerald/software/GCCcore/11.3.0/bin/../lib/gcc/x86_64-pc-linux-gnu/11.3.0/crtend.o /lib/../lib64/crtn.o]
    arg [/usr/ebuild/software/emerald/software/GCCcore/11.3.0/bin/../libexec/gcc/x86_64-pc-linux-gnu/11.3.0/collect2] ==> ignore
    arg [-plugin] ==> ignore
    arg [/usr/ebuild/software/emerald/software/GCCcore/11.3.0/bin/../libexec/gcc/x86_64-pc-linux-gnu/11.3.0/liblto_plugin.so] ==> ignore
    arg [-plugin-opt=/usr/ebuild/software/emerald/software/GCCcore/11.3.0/bin/../libexec/gcc/x86_64-pc-linux-gnu/11.3.0/lto-wrapper] ==> ignore
    arg [-plugin-opt=-fresolution=/tmp/cclNkP1Z.res] ==> ignore
    arg [-plugin-opt=-pass-through=-lgcc_s] ==> ignore
    arg [-plugin-opt=-pass-through=-lgcc] ==> ignore
    arg [-plugin-opt=-pass-through=-lc] ==> ignore
    arg [-plugin-opt=-pass-through=-lgcc_s] ==> ignore
    arg [-plugin-opt=-pass-through=-lgcc] ==> ignore
    arg [--eh-frame-hdr] ==> ignore
    arg [-m] ==> ignore
    arg [elf_x86_64] ==> ignore
    arg [-export-dynamic] ==> ignore
    arg [-dynamic-linker] ==> ignore
    arg [/lib64/ld-linux-x86-64.so.2] ==> ignore
    arg [-o] ==> ignore
    arg [cmTC_eddd1] ==> ignore
    arg [/lib/../lib64/crt1.o] ==> ignore
    arg [/lib/../lib64/crti.o] ==> ignore
    arg [/usr/ebuild/software/emerald/software/GCCcore/11.3.0/bin/../lib/gcc/x86_64-pc-linux-gnu/11.3.0/crtbegin.o] ==> ignore
    arg [-L/usr/ebuild/software/emerald/software/GCCcore/11.3.0/bin/../lib/gcc/x86_64-pc-linux-gnu/11.3.0] ==> dir [/usr/ebuild/software/emerald/software/GCCcore/11.3.0/bin/../lib/gcc/x86_64-pc-linux-gnu/11.3.0]
    arg [-L/usr/ebuild/software/emerald/software/GCCcore/11.3.0/bin/../lib/gcc] ==> dir [/usr/ebuild/software/emerald/software/GCCcore/11.3.0/bin/../lib/gcc]
    arg [-L/usr/ebuild/installs/software/DCMTK/3.6.7-GCCcore-11.3.0/lib/../lib64] ==> dir [/usr/ebuild/installs/software/DCMTK/3.6.7-GCCcore-11.3.0/lib/../lib64]
    arg [-L/usr/ebuild/installs/software/libxml2/2.9.13-GCCcore-11.3.0/lib/../lib64] ==> dir [/usr/ebuild/installs/software/libxml2/2.9.13-GCCcore-11.3.0/lib/../lib64]
    arg [-L/usr/ebuild/installs/software/XZ/5.2.5-GCCcore-11.3.0/lib/../lib64] ==> dir [/usr/ebuild/installs/software/XZ/5.2.5-GCCcore-11.3.0/lib/../lib64]
    arg [-L/usr/ebuild/installs/software/libpng/1.6.37-GCCcore-11.3.0/lib/../lib64] ==> dir [/usr/ebuild/installs/software/libpng/1.6.37-GCCcore-11.3.0/lib/../lib64]
    arg [-L/usr/ebuild/installs/software/zlib/1.2.12-GCCcore-11.3.0/lib/../lib64] ==> dir [/usr/ebuild/installs/software/zlib/1.2.12-GCCcore-11.3.0/lib/../lib64]
    arg [-L/usr/ebuild/installs/software/ROOT/6.24.06-foss-2021b/lib/../lib64] ==> dir [/usr/ebuild/installs/software/ROOT/6.24.06-foss-2021b/lib/../lib64]
    arg [-L/cm/shared/apps/slurm/current/lib64/../lib64] ==> dir [/cm/shared/apps/slurm/current/lib64/../lib64]
    arg [-L/usr/ebuild/installs/software/libiconv/1.17-GCCcore-11.3.0/lib/../lib64] ==> dir [/usr/ebuild/installs/software/libiconv/1.17-GCCcore-11.3.0/lib/../lib64]
    arg [-L/usr/ebuild/installs/software/LibTIFF/4.3.0-GCCcore-11.3.0/lib/../lib64] ==> dir [/usr/ebuild/installs/software/LibTIFF/4.3.0-GCCcore-11.3.0/lib/../lib64]
    arg [-L/usr/ebuild/installs/software/libdeflate/1.10-GCCcore-11.3.0/lib/../lib64] ==> dir [/usr/ebuild/installs/software/libdeflate/1.10-GCCcore-11.3.0/lib/../lib64]
    arg [-L/usr/ebuild/installs/software/zstd/1.5.2-GCCcore-11.3.0/lib/../lib64] ==> dir [/usr/ebuild/installs/software/zstd/1.5.2-GCCcore-11.3.0/lib/../lib64]
    arg [-L/usr/ebuild/installs/software/lz4/1.9.3-GCCcore-11.3.0/lib/../lib64] ==> dir [/usr/ebuild/installs/software/lz4/1.9.3-GCCcore-11.3.0/lib/../lib64]
    arg [-L/usr/ebuild/installs/software/jbigkit/2.1-GCCcore-11.3.0/lib/../lib64] ==> dir [/usr/ebuild/installs/software/jbigkit/2.1-GCCcore-11.3.0/lib/../lib64]
    arg [-L/usr/ebuild/installs/software/libjpeg-turbo/2.1.3-GCCcore-11.3.0/lib/../lib64] ==> dir [/usr/ebuild/installs/software/libjpeg-turbo/2.1.3-GCCcore-11.3.0/lib/../lib64]
    arg [-L/usr/ebuild/installs/software/GL2PS/1.4.2-GCCcore-11.2.0/lib/../lib64] ==> dir [/usr/ebuild/installs/software/GL2PS/1.4.2-GCCcore-11.2.0/lib/../lib64]
    arg [-L/usr/ebuild/installs/software/freeglut/3.2.1-GCCcore-11.2.0/lib/../lib64] ==> dir [/usr/ebuild/installs/software/freeglut/3.2.1-GCCcore-11.2.0/lib/../lib64]
    arg [-L/usr/ebuild/installs/software/libGLU/9.0.2-GCCcore-11.2.0/lib/../lib64] ==> dir [/usr/ebuild/installs/software/libGLU/9.0.2-GCCcore-11.2.0/lib/../lib64]
    arg [-L/usr/ebuild/installs/software/Mesa/21.1.7-GCCcore-11.2.0/lib/../lib64] ==> dir [/usr/ebuild/installs/software/Mesa/21.1.7-GCCcore-11.2.0/lib/../lib64]
    arg [-L/usr/ebuild/installs/software/LLVM/12.0.1-GCCcore-11.2.0/lib/../lib64] ==> dir [/usr/ebuild/installs/software/LLVM/12.0.1-GCCcore-11.2.0/lib/../lib64]
    arg [-L/usr/ebuild/installs/software/libunwind/1.5.0-GCCcore-11.2.0/lib/../lib64] ==> dir [/usr/ebuild/installs/software/libunwind/1.5.0-GCCcore-11.2.0/lib/../lib64]
    arg [-L/usr/ebuild/installs/software/libglvnd/1.3.3-GCCcore-11.2.0/lib/../lib64] ==> dir [/usr/ebuild/installs/software/libglvnd/1.3.3-GCCcore-11.2.0/lib/../lib64]
    arg [-L/usr/ebuild/installs/software/libdrm/2.4.107-GCCcore-11.2.0/lib/../lib64] ==> dir [/usr/ebuild/installs/software/libdrm/2.4.107-GCCcore-11.2.0/lib/../lib64]
    arg [-L/usr/ebuild/installs/software/X11/20210802-GCCcore-11.2.0/lib/../lib64] ==> dir [/usr/ebuild/installs/software/X11/20210802-GCCcore-11.2.0/lib/../lib64]
    arg [-L/usr/ebuild/installs/software/fontconfig/2.13.94-GCCcore-11.2.0/lib/../lib64] ==> dir [/usr/ebuild/installs/software/fontconfig/2.13.94-GCCcore-11.2.0/lib/../lib64]
    arg [-L/usr/ebuild/installs/software/util-linux/2.37-GCCcore-11.2.0/lib/../lib64] ==> dir [/usr/ebuild/installs/software/util-linux/2.37-GCCcore-11.2.0/lib/../lib64]
    arg [-L/usr/ebuild/installs/software/expat/2.4.1-GCCcore-11.2.0/lib/../lib64] ==> dir [/usr/ebuild/installs/software/expat/2.4.1-GCCcore-11.2.0/lib/../lib64]
    arg [-L/usr/ebuild/installs/software/SciPy-bundle/2021.10-foss-2021b/lib/../lib64] ==> dir [/usr/ebuild/installs/software/SciPy-bundle/2021.10-foss-2021b/lib/../lib64]
    arg [-L/usr/ebuild/installs/software/Python/3.9.6-GCCcore-11.2.0/lib/../lib64] ==> dir [/usr/ebuild/installs/software/Python/3.9.6-GCCcore-11.2.0/lib/../lib64]
    arg [-L/usr/ebuild/installs/software/libffi/3.4.2-GCCcore-11.2.0/lib64/../lib64] ==> dir [/usr/ebuild/installs/software/libffi/3.4.2-GCCcore-11.2.0/lib64/../lib64]
    arg [-L/usr/ebuild/installs/software/libffi/3.4.2-GCCcore-11.2.0/lib/../lib64] ==> dir [/usr/ebuild/installs/software/libffi/3.4.2-GCCcore-11.2.0/lib/../lib64]
    arg [-L/usr/ebuild/installs/software/GMP/6.2.1-GCCcore-11.2.0/lib/../lib64] ==> dir [/usr/ebuild/installs/software/GMP/6.2.1-GCCcore-11.2.0/lib/../lib64]
    arg [-L/usr/ebuild/installs/software/SQLite/3.36-GCCcore-11.2.0/lib/../lib64] ==> dir [/usr/ebuild/installs/software/SQLite/3.36-GCCcore-11.2.0/lib/../lib64]
    arg [-L/usr/ebuild/installs/software/Tcl/8.6.11-GCCcore-11.2.0/lib/../lib64] ==> dir [/usr/ebuild/installs/software/Tcl/8.6.11-GCCcore-11.2.0/lib/../lib64]
    arg [-L/usr/ebuild/installs/software/libreadline/8.1-GCCcore-11.2.0/lib/../lib64] ==> dir [/usr/ebuild/installs/software/libreadline/8.1-GCCcore-11.2.0/lib/../lib64]
    arg [-L/usr/ebuild/installs/software/ncurses/6.2-GCCcore-11.2.0/lib/../lib64] ==> dir [/usr/ebuild/installs/software/ncurses/6.2-GCCcore-11.2.0/lib/../lib64]
    arg [-L/usr/ebuild/installs/software/freetype/2.11.0-GCCcore-11.2.0/lib/../lib64] ==> dir [/usr/ebuild/installs/software/freetype/2.11.0-GCCcore-11.2.0/lib/../lib64]
    arg [-L/usr/ebuild/installs/software/Brotli/1.0.9-GCCcore-11.2.0/lib/../lib64] ==> dir [/usr/ebuild/installs/software/Brotli/1.0.9-GCCcore-11.2.0/lib/../lib64]
    arg [-L/usr/ebuild/installs/software/CFITSIO/3.49-GCCcore-11.2.0/lib/../lib64] ==> dir [/usr/ebuild/installs/software/CFITSIO/3.49-GCCcore-11.2.0/lib/../lib64]
    arg [-L/usr/ebuild/installs/software/cURL/7.78.0-GCCcore-11.2.0/lib/../lib64] ==> dir [/usr/ebuild/installs/software/cURL/7.78.0-GCCcore-11.2.0/lib/../lib64]
    arg [-L/usr/ebuild/installs/software/PCRE/8.45-GCCcore-11.2.0/lib/../lib64] ==> dir [/usr/ebuild/installs/software/PCRE/8.45-GCCcore-11.2.0/lib/../lib64]
    arg [-L/usr/ebuild/installs/software/bzip2/1.0.8-GCCcore-11.2.0/lib/../lib64] ==> dir [/usr/ebuild/installs/software/bzip2/1.0.8-GCCcore-11.2.0/lib/../lib64]
    arg [-L/usr/ebuild/installs/software/GSL/2.7-GCC-11.2.0/lib/../lib64] ==> dir [/usr/ebuild/installs/software/GSL/2.7-GCC-11.2.0/lib/../lib64]
    arg [-L/usr/ebuild/installs/software/ScaLAPACK/2.1.0-gompi-2021b-fb/lib/../lib64] ==> dir [/usr/ebuild/installs/software/ScaLAPACK/2.1.0-gompi-2021b-fb/lib/../lib64]
    arg [-L/usr/ebuild/installs/software/FFTW/3.3.10-gompi-2021b/lib/../lib64] ==> dir [/usr/ebuild/installs/software/FFTW/3.3.10-gompi-2021b/lib/../lib64]
    arg [-L/usr/ebuild/installs/software/FlexiBLAS/3.0.4-GCC-11.2.0/lib/../lib64] ==> dir [/usr/ebuild/installs/software/FlexiBLAS/3.0.4-GCC-11.2.0/lib/../lib64]
    arg [-L/usr/ebuild/installs/software/OpenBLAS/0.3.18-GCC-11.2.0/lib/../lib64] ==> dir [/usr/ebuild/installs/software/OpenBLAS/0.3.18-GCC-11.2.0/lib/../lib64]
    arg [-L/usr/ebuild/installs/software/OpenMPI/4.1.1-GCC-11.2.0/lib/../lib64] ==> dir [/usr/ebuild/installs/software/OpenMPI/4.1.1-GCC-11.2.0/lib/../lib64]
    arg [-L/usr/ebuild/installs/software/PMIx/4.1.0-GCCcore-11.2.0/lib/../lib64] ==> dir [/usr/ebuild/installs/software/PMIx/4.1.0-GCCcore-11.2.0/lib/../lib64]
    arg [-L/usr/ebuild/installs/software/libfabric/1.13.2-GCCcore-11.2.0/lib/../lib64] ==> dir [/usr/ebuild/installs/software/libfabric/1.13.2-GCCcore-11.2.0/lib/../lib64]
    arg [-L/usr/ebuild/installs/software/UCX/1.11.2-GCCcore-11.2.0/lib/../lib64] ==> dir [/usr/ebuild/installs/software/UCX/1.11.2-GCCcore-11.2.0/lib/../lib64]
    arg [-L/usr/ebuild/installs/software/libevent/2.1.12-GCCcore-11.2.0/lib/../lib64] ==> dir [/usr/ebuild/installs/software/libevent/2.1.12-GCCcore-11.2.0/lib/../lib64]
    arg [-L/usr/ebuild/installs/software/OpenSSL/1.1/lib/../lib64] ==> dir [/usr/ebuild/installs/software/OpenSSL/1.1/lib/../lib64]
    arg [-L/usr/ebuild/installs/software/hwloc/2.5.0-GCCcore-11.2.0/lib/../lib64] ==> dir [/usr/ebuild/installs/software/hwloc/2.5.0-GCCcore-11.2.0/lib/../lib64]
    arg [-L/usr/ebuild/installs/software/libpciaccess/0.16-GCCcore-11.2.0/lib/../lib64] ==> dir [/usr/ebuild/installs/software/libpciaccess/0.16-GCCcore-11.2.0/lib/../lib64]
    arg [-L/usr/ebuild/installs/software/numactl/2.0.14-GCCcore-11.2.0/lib/../lib64] ==> dir [/usr/ebuild/installs/software/numactl/2.0.14-GCCcore-11.2.0/lib/../lib64]
    arg [-L/usr/ebuild/installs/software/binutils/2.37-GCCcore-11.2.0/lib/../lib64] ==> dir [/usr/ebuild/installs/software/binutils/2.37-GCCcore-11.2.0/lib/../lib64]
    arg [-L/usr/ebuild/software/emerald/software/GCCcore/11.3.0/bin/../lib/gcc/x86_64-pc-linux-gnu/11.3.0/../../../../lib64] ==> dir [/usr/ebuild/software/emerald/software/GCCcore/11.3.0/bin/../lib/gcc/x86_64-pc-linux-gnu/11.3.0/../../../../lib64]
    arg [-L/lib/../lib64] ==> dir [/lib/../lib64]
    arg [-L/usr/lib/../lib64] ==> dir [/usr/lib/../lib64]
    arg [-L/usr/ebuild/installs/software/DCMTK/3.6.7-GCCcore-11.3.0/lib] ==> dir [/usr/ebuild/installs/software/DCMTK/3.6.7-GCCcore-11.3.0/lib]
    arg [-L/usr/ebuild/installs/software/libxml2/2.9.13-GCCcore-11.3.0/lib] ==> dir [/usr/ebuild/installs/software/libxml2/2.9.13-GCCcore-11.3.0/lib]
    arg [-L/usr/ebuild/installs/software/XZ/5.2.5-GCCcore-11.3.0/lib] ==> dir [/usr/ebuild/installs/software/XZ/5.2.5-GCCcore-11.3.0/lib]
    arg [-L/usr/ebuild/installs/software/libpng/1.6.37-GCCcore-11.3.0/lib] ==> dir [/usr/ebuild/installs/software/libpng/1.6.37-GCCcore-11.3.0/lib]
    arg [-L/usr/ebuild/installs/software/zlib/1.2.12-GCCcore-11.3.0/lib] ==> dir [/usr/ebuild/installs/software/zlib/1.2.12-GCCcore-11.3.0/lib]
    arg [-L/usr/ebuild/installs/software/ROOT/6.24.06-foss-2021b/lib] ==> dir [/usr/ebuild/installs/software/ROOT/6.24.06-foss-2021b/lib]
    arg [-L/cm/shared/apps/slurm/current/lib64/slurm] ==> dir [/cm/shared/apps/slurm/current/lib64/slurm]
    arg [-L/cm/shared/apps/slurm/current/lib64] ==> dir [/cm/shared/apps/slurm/current/lib64]
    arg [-L/usr/ebuild/installs/software/libiconv/1.17-GCCcore-11.3.0/lib] ==> dir [/usr/ebuild/installs/software/libiconv/1.17-GCCcore-11.3.0/lib]
    arg [-L/usr/ebuild/installs/software/LibTIFF/4.3.0-GCCcore-11.3.0/lib] ==> dir [/usr/ebuild/installs/software/LibTIFF/4.3.0-GCCcore-11.3.0/lib]
    arg [-L/usr/ebuild/installs/software/libdeflate/1.10-GCCcore-11.3.0/lib] ==> dir [/usr/ebuild/installs/software/libdeflate/1.10-GCCcore-11.3.0/lib]
    arg [-L/usr/ebuild/installs/software/zstd/1.5.2-GCCcore-11.3.0/lib] ==> dir [/usr/ebuild/installs/software/zstd/1.5.2-GCCcore-11.3.0/lib]
    arg [-L/usr/ebuild/installs/software/lz4/1.9.3-GCCcore-11.3.0/lib] ==> dir [/usr/ebuild/installs/software/lz4/1.9.3-GCCcore-11.3.0/lib]
    arg [-L/usr/ebuild/installs/software/jbigkit/2.1-GCCcore-11.3.0/lib] ==> dir [/usr/ebuild/installs/software/jbigkit/2.1-GCCcore-11.3.0/lib]
    arg [-L/usr/ebuild/installs/software/libjpeg-turbo/2.1.3-GCCcore-11.3.0/lib] ==> dir [/usr/ebuild/installs/software/libjpeg-turbo/2.1.3-GCCcore-11.3.0/lib]
    arg [-L/usr/ebuild/installs/software/GL2PS/1.4.2-GCCcore-11.2.0/lib] ==> dir [/usr/ebuild/installs/software/GL2PS/1.4.2-GCCcore-11.2.0/lib]
    arg [-L/usr/ebuild/installs/software/freeglut/3.2.1-GCCcore-11.2.0/lib] ==> dir [/usr/ebuild/installs/software/freeglut/3.2.1-GCCcore-11.2.0/lib]
    arg [-L/usr/ebuild/installs/software/libGLU/9.0.2-GCCcore-11.2.0/lib] ==> dir [/usr/ebuild/installs/software/libGLU/9.0.2-GCCcore-11.2.0/lib]
    arg [-L/usr/ebuild/installs/software/Mesa/21.1.7-GCCcore-11.2.0/lib] ==> dir [/usr/ebuild/installs/software/Mesa/21.1.7-GCCcore-11.2.0/lib]
    arg [-L/usr/ebuild/installs/software/LLVM/12.0.1-GCCcore-11.2.0/lib] ==> dir [/usr/ebuild/installs/software/LLVM/12.0.1-GCCcore-11.2.0/lib]
    arg [-L/usr/ebuild/installs/software/libunwind/1.5.0-GCCcore-11.2.0/lib] ==> dir [/usr/ebuild/installs/software/libunwind/1.5.0-GCCcore-11.2.0/lib]
    arg [-L/usr/ebuild/installs/software/libglvnd/1.3.3-GCCcore-11.2.0/lib] ==> dir [/usr/ebuild/installs/software/libglvnd/1.3.3-GCCcore-11.2.0/lib]
    arg [-L/usr/ebuild/installs/software/libdrm/2.4.107-GCCcore-11.2.0/lib] ==> dir [/usr/ebuild/installs/software/libdrm/2.4.107-GCCcore-11.2.0/lib]
    arg [-L/usr/ebuild/installs/software/X11/20210802-GCCcore-11.2.0/lib] ==> dir [/usr/ebuild/installs/software/X11/20210802-GCCcore-11.2.0/lib]
    arg [-L/usr/ebuild/installs/software/fontconfig/2.13.94-GCCcore-11.2.0/lib] ==> dir [/usr/ebuild/installs/software/fontconfig/2.13.94-GCCcore-11.2.0/lib]
    arg [-L/usr/ebuild/installs/software/util-linux/2.37-GCCcore-11.2.0/lib] ==> dir [/usr/ebuild/installs/software/util-linux/2.37-GCCcore-11.2.0/lib]
    arg [-L/usr/ebuild/installs/software/expat/2.4.1-GCCcore-11.2.0/lib] ==> dir [/usr/ebuild/installs/software/expat/2.4.1-GCCcore-11.2.0/lib]
    arg [-L/usr/ebuild/installs/software/SciPy-bundle/2021.10-foss-2021b/lib/python3.9/site-packages/numpy/core/lib] ==> dir [/usr/ebuild/installs/software/SciPy-bundle/2021.10-foss-2021b/lib/python3.9/site-packages/numpy/core/lib]
    arg [-L/usr/ebuild/installs/software/SciPy-bundle/2021.10-foss-2021b/lib] ==> dir [/usr/ebuild/installs/software/SciPy-bundle/2021.10-foss-2021b/lib]
    arg [-L/usr/ebuild/installs/software/Python/3.9.6-GCCcore-11.2.0/lib] ==> dir [/usr/ebuild/installs/software/Python/3.9.6-GCCcore-11.2.0/lib]
    arg [-L/usr/ebuild/installs/software/libffi/3.4.2-GCCcore-11.2.0/lib64] ==> dir [/usr/ebuild/installs/software/libffi/3.4.2-GCCcore-11.2.0/lib64]
    arg [-L/usr/ebuild/installs/software/libffi/3.4.2-GCCcore-11.2.0/lib] ==> dir [/usr/ebuild/installs/software/libffi/3.4.2-GCCcore-11.2.0/lib]
    arg [-L/usr/ebuild/installs/software/GMP/6.2.1-GCCcore-11.2.0/lib] ==> dir [/usr/ebuild/installs/software/GMP/6.2.1-GCCcore-11.2.0/lib]
    arg [-L/usr/ebuild/installs/software/SQLite/3.36-GCCcore-11.2.0/lib] ==> dir [/usr/ebuild/installs/software/SQLite/3.36-GCCcore-11.2.0/lib]
    arg [-L/usr/ebuild/installs/software/Tcl/8.6.11-GCCcore-11.2.0/lib] ==> dir [/usr/ebuild/installs/software/Tcl/8.6.11-GCCcore-11.2.0/lib]
    arg [-L/usr/ebuild/installs/software/libreadline/8.1-GCCcore-11.2.0/lib] ==> dir [/usr/ebuild/installs/software/libreadline/8.1-GCCcore-11.2.0/lib]
    arg [-L/usr/ebuild/installs/software/ncurses/6.2-GCCcore-11.2.0/lib] ==> dir [/usr/ebuild/installs/software/ncurses/6.2-GCCcore-11.2.0/lib]
    arg [-L/usr/ebuild/installs/software/freetype/2.11.0-GCCcore-11.2.0/lib] ==> dir [/usr/ebuild/installs/software/freetype/2.11.0-GCCcore-11.2.0/lib]
    arg [-L/usr/ebuild/installs/software/Brotli/1.0.9-GCCcore-11.2.0/lib] ==> dir [/usr/ebuild/installs/software/Brotli/1.0.9-GCCcore-11.2.0/lib]
    arg [-L/usr/ebuild/installs/software/CFITSIO/3.49-GCCcore-11.2.0/lib] ==> dir [/usr/ebuild/installs/software/CFITSIO/3.49-GCCcore-11.2.0/lib]
    arg [-L/usr/ebuild/installs/software/cURL/7.78.0-GCCcore-11.2.0/lib] ==> dir [/usr/ebuild/installs/software/cURL/7.78.0-GCCcore-11.2.0/lib]
    arg [-L/usr/ebuild/installs/software/PCRE/8.45-GCCcore-11.2.0/lib] ==> dir [/usr/ebuild/installs/software/PCRE/8.45-GCCcore-11.2.0/lib]
    arg [-L/usr/ebuild/installs/software/bzip2/1.0.8-GCCcore-11.2.0/lib] ==> dir [/usr/ebuild/installs/software/bzip2/1.0.8-GCCcore-11.2.0/lib]
    arg [-L/usr/ebuild/installs/software/GSL/2.7-GCC-11.2.0/lib] ==> dir [/usr/ebuild/installs/software/GSL/2.7-GCC-11.2.0/lib]
    arg [-L/usr/ebuild/installs/software/ScaLAPACK/2.1.0-gompi-2021b-fb/lib] ==> dir [/usr/ebuild/installs/software/ScaLAPACK/2.1.0-gompi-2021b-fb/lib]
    arg [-L/usr/ebuild/installs/software/FFTW/3.3.10-gompi-2021b/lib] ==> dir [/usr/ebuild/installs/software/FFTW/3.3.10-gompi-2021b/lib]
    arg [-L/usr/ebuild/installs/software/FlexiBLAS/3.0.4-GCC-11.2.0/lib] ==> dir [/usr/ebuild/installs/software/FlexiBLAS/3.0.4-GCC-11.2.0/lib]
    arg [-L/usr/ebuild/installs/software/OpenBLAS/0.3.18-GCC-11.2.0/lib] ==> dir [/usr/ebuild/installs/software/OpenBLAS/0.3.18-GCC-11.2.0/lib]
    arg [-L/usr/ebuild/installs/software/OpenMPI/4.1.1-GCC-11.2.0/lib] ==> dir [/usr/ebuild/installs/software/OpenMPI/4.1.1-GCC-11.2.0/lib]
    arg [-L/usr/ebuild/installs/software/PMIx/4.1.0-GCCcore-11.2.0/lib] ==> dir [/usr/ebuild/installs/software/PMIx/4.1.0-GCCcore-11.2.0/lib]
    arg [-L/usr/ebuild/installs/software/libfabric/1.13.2-GCCcore-11.2.0/lib] ==> dir [/usr/ebuild/installs/software/libfabric/1.13.2-GCCcore-11.2.0/lib]
    arg [-L/usr/ebuild/installs/software/UCX/1.11.2-GCCcore-11.2.0/lib] ==> dir [/usr/ebuild/installs/software/UCX/1.11.2-GCCcore-11.2.0/lib]
    arg [-L/usr/ebuild/installs/software/libevent/2.1.12-GCCcore-11.2.0/lib] ==> dir [/usr/ebuild/installs/software/libevent/2.1.12-GCCcore-11.2.0/lib]
    arg [-L/usr/ebuild/installs/software/OpenSSL/1.1/lib] ==> dir [/usr/ebuild/installs/software/OpenSSL/1.1/lib]
    arg [-L/usr/ebuild/installs/software/hwloc/2.5.0-GCCcore-11.2.0/lib] ==> dir [/usr/ebuild/installs/software/hwloc/2.5.0-GCCcore-11.2.0/lib]
    arg [-L/usr/ebuild/installs/software/libpciaccess/0.16-GCCcore-11.2.0/lib] ==> dir [/usr/ebuild/installs/software/libpciaccess/0.16-GCCcore-11.2.0/lib]
    arg [-L/usr/ebuild/installs/software/numactl/2.0.14-GCCcore-11.2.0/lib] ==> dir [/usr/ebuild/installs/software/numactl/2.0.14-GCCcore-11.2.0/lib]
    arg [-L/usr/ebuild/installs/software/binutils/2.37-GCCcore-11.2.0/lib] ==> dir [/usr/ebuild/installs/software/binutils/2.37-GCCcore-11.2.0/lib]
    arg [-L/usr/ebuild/software/emerald/software/GCCcore/11.3.0/bin/../lib/gcc/x86_64-pc-linux-gnu/11.3.0/../../..] ==> dir [/usr/ebuild/software/emerald/software/GCCcore/11.3.0/bin/../lib/gcc/x86_64-pc-linux-gnu/11.3.0/../../..]
    arg [CMakeFiles/cmTC_eddd1.dir/CMakeCXXCompilerABI.cpp.o] ==> ignore
    arg [-lstdc++] ==> lib [stdc++]
    arg [-lm] ==> lib [m]
    arg [-lgcc_s] ==> lib [gcc_s]
    arg [-lgcc] ==> lib [gcc]
    arg [-lc] ==> lib [c]
    arg [-lgcc_s] ==> lib [gcc_s]
    arg [-lgcc] ==> lib [gcc]
    arg [/usr/ebuild/software/emerald/software/GCCcore/11.3.0/bin/../lib/gcc/x86_64-pc-linux-gnu/11.3.0/crtend.o] ==> ignore
    arg [/lib/../lib64/crtn.o] ==> ignore
  collapse library dir [/usr/ebuild/software/emerald/software/GCCcore/11.3.0/bin/../lib/gcc/x86_64-pc-linux-gnu/11.3.0] ==> [/usr/ebuild/software/emerald/software/GCCcore/11.3.0/lib/gcc/x86_64-pc-linux-gnu/11.3.0]
  collapse library dir [/usr/ebuild/software/emerald/software/GCCcore/11.3.0/bin/../lib/gcc] ==> [/usr/ebuild/software/emerald/software/GCCcore/11.3.0/lib/gcc]
  collapse library dir [/usr/ebuild/installs/software/DCMTK/3.6.7-GCCcore-11.3.0/lib/../lib64] ==> [/usr/ebuild/installs/software/DCMTK/3.6.7-GCCcore-11.3.0/lib64]
  collapse library dir [/usr/ebuild/installs/software/libxml2/2.9.13-GCCcore-11.3.0/lib/../lib64] ==> [/usr/ebuild/installs/software/libxml2/2.9.13-GCCcore-11.3.0/lib64]
  collapse library dir [/usr/ebuild/installs/software/XZ/5.2.5-GCCcore-11.3.0/lib/../lib64] ==> [/usr/ebuild/installs/software/XZ/5.2.5-GCCcore-11.3.0/lib64]
  collapse library dir [/usr/ebuild/installs/software/libpng/1.6.37-GCCcore-11.3.0/lib/../lib64] ==> [/usr/ebuild/installs/software/libpng/1.6.37-GCCcore-11.3.0/lib64]
  collapse library dir [/usr/ebuild/installs/software/zlib/1.2.12-GCCcore-11.3.0/lib/../lib64] ==> [/usr/ebuild/installs/software/zlib/1.2.12-GCCcore-11.3.0/lib64]
  collapse library dir [/usr/ebuild/installs/software/ROOT/6.24.06-foss-2021b/lib/../lib64] ==> [/usr/ebuild/installs/software/ROOT/6.24.06-foss-2021b/lib64]
  collapse library dir [/cm/shared/apps/slurm/current/lib64/../lib64] ==> [/cm/shared/apps/slurm/current/lib64]
  collapse library dir [/usr/ebuild/installs/software/libiconv/1.17-GCCcore-11.3.0/lib/../lib64] ==> [/usr/ebuild/installs/software/libiconv/1.17-GCCcore-11.3.0/lib64]
  collapse library dir [/usr/ebuild/installs/software/LibTIFF/4.3.0-GCCcore-11.3.0/lib/../lib64] ==> [/usr/ebuild/installs/software/LibTIFF/4.3.0-GCCcore-11.3.0/lib64]
  collapse library dir [/usr/ebuild/installs/software/libdeflate/1.10-GCCcore-11.3.0/lib/../lib64] ==> [/usr/ebuild/installs/software/libdeflate/1.10-GCCcore-11.3.0/lib64]
  collapse library dir [/usr/ebuild/installs/software/zstd/1.5.2-GCCcore-11.3.0/lib/../lib64] ==> [/usr/ebuild/installs/software/zstd/1.5.2-GCCcore-11.3.0/lib64]
  collapse library dir [/usr/ebuild/installs/software/lz4/1.9.3-GCCcore-11.3.0/lib/../lib64] ==> [/usr/ebuild/installs/software/lz4/1.9.3-GCCcore-11.3.0/lib64]
  collapse library dir [/usr/ebuild/installs/software/jbigkit/2.1-GCCcore-11.3.0/lib/../lib64] ==> [/usr/ebuild/installs/software/jbigkit/2.1-GCCcore-11.3.0/lib64]
  collapse library dir [/usr/ebuild/installs/software/libjpeg-turbo/2.1.3-GCCcore-11.3.0/lib/../lib64] ==> [/usr/ebuild/installs/software/libjpeg-turbo/2.1.3-GCCcore-11.3.0/lib64]
  collapse library dir [/usr/ebuild/installs/software/GL2PS/1.4.2-GCCcore-11.2.0/lib/../lib64] ==> [/usr/ebuild/installs/software/GL2PS/1.4.2-GCCcore-11.2.0/lib64]
  collapse library dir [/usr/ebuild/installs/software/freeglut/3.2.1-GCCcore-11.2.0/lib/../lib64] ==> [/usr/ebuild/installs/software/freeglut/3.2.1-GCCcore-11.2.0/lib64]
  collapse library dir [/usr/ebuild/installs/software/libGLU/9.0.2-GCCcore-11.2.0/lib/../lib64] ==> [/usr/ebuild/installs/software/libGLU/9.0.2-GCCcore-11.2.0/lib64]
  collapse library dir [/usr/ebuild/installs/software/Mesa/21.1.7-GCCcore-11.2.0/lib/../lib64] ==> [/usr/ebuild/installs/software/Mesa/21.1.7-GCCcore-11.2.0/lib64]
  collapse library dir [/usr/ebuild/installs/software/LLVM/12.0.1-GCCcore-11.2.0/lib/../lib64] ==> [/usr/ebuild/installs/software/LLVM/12.0.1-GCCcore-11.2.0/lib64]
  collapse library dir [/usr/ebuild/installs/software/libunwind/1.5.0-GCCcore-11.2.0/lib/../lib64] ==> [/usr/ebuild/installs/software/libunwind/1.5.0-GCCcore-11.2.0/lib64]
  collapse library dir [/usr/ebuild/installs/software/libglvnd/1.3.3-GCCcore-11.2.0/lib/../lib64] ==> [/usr/ebuild/installs/software/libglvnd/1.3.3-GCCcore-11.2.0/lib64]
  collapse library dir [/usr/ebuild/installs/software/libdrm/2.4.107-GCCcore-11.2.0/lib/../lib64] ==> [/usr/ebuild/installs/software/libdrm/2.4.107-GCCcore-11.2.0/lib64]
  collapse library dir [/usr/ebuild/installs/software/X11/20210802-GCCcore-11.2.0/lib/../lib64] ==> [/usr/ebuild/installs/software/X11/20210802-GCCcore-11.2.0/lib64]
  collapse library dir [/usr/ebuild/installs/software/fontconfig/2.13.94-GCCcore-11.2.0/lib/../lib64] ==> [/usr/ebuild/installs/software/fontconfig/2.13.94-GCCcore-11.2.0/lib64]
  collapse library dir [/usr/ebuild/installs/software/util-linux/2.37-GCCcore-11.2.0/lib/../lib64] ==> [/usr/ebuild/installs/software/util-linux/2.37-GCCcore-11.2.0/lib64]
  collapse library dir [/usr/ebuild/installs/software/expat/2.4.1-GCCcore-11.2.0/lib/../lib64] ==> [/usr/ebuild/installs/software/expat/2.4.1-GCCcore-11.2.0/lib64]
  collapse library dir [/usr/ebuild/installs/software/SciPy-bundle/2021.10-foss-2021b/lib/../lib64] ==> [/usr/ebuild/installs/software/SciPy-bundle/2021.10-foss-2021b/lib64]
  collapse library dir [/usr/ebuild/installs/software/Python/3.9.6-GCCcore-11.2.0/lib/../lib64] ==> [/usr/ebuild/installs/software/Python/3.9.6-GCCcore-11.2.0/lib64]
  collapse library dir [/usr/ebuild/installs/software/libffi/3.4.2-GCCcore-11.2.0/lib64/../lib64] ==> [/usr/ebuild/installs/software/libffi/3.4.2-GCCcore-11.2.0/lib64]
  collapse library dir [/usr/ebuild/installs/software/libffi/3.4.2-GCCcore-11.2.0/lib/../lib64] ==> [/usr/ebuild/installs/software/libffi/3.4.2-GCCcore-11.2.0/lib64]
  collapse library dir [/usr/ebuild/installs/software/GMP/6.2.1-GCCcore-11.2.0/lib/../lib64] ==> [/usr/ebuild/installs/software/GMP/6.2.1-GCCcore-11.2.0/lib64]
  collapse library dir [/usr/ebuild/installs/software/SQLite/3.36-GCCcore-11.2.0/lib/../lib64] ==> [/usr/ebuild/installs/software/SQLite/3.36-GCCcore-11.2.0/lib64]
  collapse library dir [/usr/ebuild/installs/software/Tcl/8.6.11-GCCcore-11.2.0/lib/../lib64] ==> [/usr/ebuild/installs/software/Tcl/8.6.11-GCCcore-11.2.0/lib64]
  collapse library dir [/usr/ebuild/installs/software/libreadline/8.1-GCCcore-11.2.0/lib/../lib64] ==> [/usr/ebuild/installs/software/libreadline/8.1-GCCcore-11.2.0/lib64]
  collapse library dir [/usr/ebuild/installs/software/ncurses/6.2-GCCcore-11.2.0/lib/../lib64] ==> [/usr/ebuild/installs/software/ncurses/6.2-GCCcore-11.2.0/lib64]
  collapse library dir [/usr/ebuild/installs/software/freetype/2.11.0-GCCcore-11.2.0/lib/../lib64] ==> [/usr/ebuild/installs/software/freetype/2.11.0-GCCcore-11.2.0/lib64]
  collapse library dir [/usr/ebuild/installs/software/Brotli/1.0.9-GCCcore-11.2.0/lib/../lib64] ==> [/usr/ebuild/installs/software/Brotli/1.0.9-GCCcore-11.2.0/lib64]
  collapse library dir [/usr/ebuild/installs/software/CFITSIO/3.49-GCCcore-11.2.0/lib/../lib64] ==> [/usr/ebuild/installs/software/CFITSIO/3.49-GCCcore-11.2.0/lib64]
  collapse library dir [/usr/ebuild/installs/software/cURL/7.78.0-GCCcore-11.2.0/lib/../lib64] ==> [/usr/ebuild/installs/software/cURL/7.78.0-GCCcore-11.2.0/lib64]
  collapse library dir [/usr/ebuild/installs/software/PCRE/8.45-GCCcore-11.2.0/lib/../lib64] ==> [/usr/ebuild/installs/software/PCRE/8.45-GCCcore-11.2.0/lib64]
  collapse library dir [/usr/ebuild/installs/software/bzip2/1.0.8-GCCcore-11.2.0/lib/../lib64] ==> [/usr/ebuild/installs/software/bzip2/1.0.8-GCCcore-11.2.0/lib64]
  collapse library dir [/usr/ebuild/installs/software/GSL/2.7-GCC-11.2.0/lib/../lib64] ==> [/usr/ebuild/installs/software/GSL/2.7-GCC-11.2.0/lib64]
  collapse library dir [/usr/ebuild/installs/software/ScaLAPACK/2.1.0-gompi-2021b-fb/lib/../lib64] ==> [/usr/ebuild/installs/software/ScaLAPACK/2.1.0-gompi-2021b-fb/lib64]
  collapse library dir [/usr/ebuild/installs/software/FFTW/3.3.10-gompi-2021b/lib/../lib64] ==> [/usr/ebuild/installs/software/FFTW/3.3.10-gompi-2021b/lib64]
  collapse library dir [/usr/ebuild/installs/software/FlexiBLAS/3.0.4-GCC-11.2.0/lib/../lib64] ==> [/usr/ebuild/installs/software/FlexiBLAS/3.0.4-GCC-11.2.0/lib64]
  collapse library dir [/usr/ebuild/installs/software/OpenBLAS/0.3.18-GCC-11.2.0/lib/../lib64] ==> [/usr/ebuild/installs/software/OpenBLAS/0.3.18-GCC-11.2.0/lib64]
  collapse library dir [/usr/ebuild/installs/software/OpenMPI/4.1.1-GCC-11.2.0/lib/../lib64] ==> [/usr/ebuild/installs/software/OpenMPI/4.1.1-GCC-11.2.0/lib64]
  collapse library dir [/usr/ebuild/installs/software/PMIx/4.1.0-GCCcore-11.2.0/lib/../lib64] ==> [/usr/ebuild/installs/software/PMIx/4.1.0-GCCcore-11.2.0/lib64]
  collapse library dir [/usr/ebuild/installs/software/libfabric/1.13.2-GCCcore-11.2.0/lib/../lib64] ==> [/usr/ebuild/installs/software/libfabric/1.13.2-GCCcore-11.2.0/lib64]
  collapse library dir [/usr/ebuild/installs/software/UCX/1.11.2-GCCcore-11.2.0/lib/../lib64] ==> [/usr/ebuild/installs/software/UCX/1.11.2-GCCcore-11.2.0/lib64]
  collapse library dir [/usr/ebuild/installs/software/libevent/2.1.12-GCCcore-11.2.0/lib/../lib64] ==> [/usr/ebuild/installs/software/libevent/2.1.12-GCCcore-11.2.0/lib64]
  collapse library dir [/usr/ebuild/installs/software/OpenSSL/1.1/lib/../lib64] ==> [/usr/ebuild/installs/software/OpenSSL/1.1/lib64]
  collapse library dir [/usr/ebuild/installs/software/hwloc/2.5.0-GCCcore-11.2.0/lib/../lib64] ==> [/usr/ebuild/installs/software/hwloc/2.5.0-GCCcore-11.2.0/lib64]
  collapse library dir [/usr/ebuild/installs/software/libpciaccess/0.16-GCCcore-11.2.0/lib/../lib64] ==> [/usr/ebuild/installs/software/libpciaccess/0.16-GCCcore-11.2.0/lib64]
  collapse library dir [/usr/ebuild/installs/software/numactl/2.0.14-GCCcore-11.2.0/lib/../lib64] ==> [/usr/ebuild/installs/software/numactl/2.0.14-GCCcore-11.2.0/lib64]
  collapse library dir [/usr/ebuild/installs/software/binutils/2.37-GCCcore-11.2.0/lib/../lib64] ==> [/usr/ebuild/installs/software/binutils/2.37-GCCcore-11.2.0/lib64]
  collapse library dir [/usr/ebuild/software/emerald/software/GCCcore/11.3.0/bin/../lib/gcc/x86_64-pc-linux-gnu/11.3.0/../../../../lib64] ==> [/usr/ebuild/software/emerald/software/GCCcore/11.3.0/lib64]
  collapse library dir [/lib/../lib64] ==> [/lib64]
  collapse library dir [/usr/lib/../lib64] ==> [/usr/lib64]
  collapse library dir [/usr/ebuild/installs/software/DCMTK/3.6.7-GCCcore-11.3.0/lib] ==> [/usr/ebuild/installs/software/DCMTK/3.6.7-GCCcore-11.3.0/lib]
  collapse library dir [/usr/ebuild/installs/software/libxml2/2.9.13-GCCcore-11.3.0/lib] ==> [/usr/ebuild/installs/software/libxml2/2.9.13-GCCcore-11.3.0/lib]
  collapse library dir [/usr/ebuild/installs/software/XZ/5.2.5-GCCcore-11.3.0/lib] ==> [/usr/ebuild/installs/software/XZ/5.2.5-GCCcore-11.3.0/lib]
  collapse library dir [/usr/ebuild/installs/software/libpng/1.6.37-GCCcore-11.3.0/lib] ==> [/usr/ebuild/installs/software/libpng/1.6.37-GCCcore-11.3.0/lib]
  collapse library dir [/usr/ebuild/installs/software/zlib/1.2.12-GCCcore-11.3.0/lib] ==> [/usr/ebuild/installs/software/zlib/1.2.12-GCCcore-11.3.0/lib]
  collapse library dir [/usr/ebuild/installs/software/ROOT/6.24.06-foss-2021b/lib] ==> [/usr/ebuild/installs/software/ROOT/6.24.06-foss-2021b/lib]
  collapse library dir [/cm/shared/apps/slurm/current/lib64/slurm] ==> [/cm/shared/apps/slurm/current/lib64/slurm]
  collapse library dir [/cm/shared/apps/slurm/current/lib64] ==> [/cm/shared/apps/slurm/current/lib64]
  collapse library dir [/usr/ebuild/installs/software/libiconv/1.17-GCCcore-11.3.0/lib] ==> [/usr/ebuild/installs/software/libiconv/1.17-GCCcore-11.3.0/lib]
  collapse library dir [/usr/ebuild/installs/software/LibTIFF/4.3.0-GCCcore-11.3.0/lib] ==> [/usr/ebuild/installs/software/LibTIFF/4.3.0-GCCcore-11.3.0/lib]
  collapse library dir [/usr/ebuild/installs/software/libdeflate/1.10-GCCcore-11.3.0/lib] ==> [/usr/ebuild/installs/software/libdeflate/1.10-GCCcore-11.3.0/lib]
  collapse library dir [/usr/ebuild/installs/software/zstd/1.5.2-GCCcore-11.3.0/lib] ==> [/usr/ebuild/installs/software/zstd/1.5.2-GCCcore-11.3.0/lib]
  collapse library dir [/usr/ebuild/installs/software/lz4/1.9.3-GCCcore-11.3.0/lib] ==> [/usr/ebuild/installs/software/lz4/1.9.3-GCCcore-11.3.0/lib]
  collapse library dir [/usr/ebuild/installs/software/jbigkit/2.1-GCCcore-11.3.0/lib] ==> [/usr/ebuild/installs/software/jbigkit/2.1-GCCcore-11.3.0/lib]
  collapse library dir [/usr/ebuild/installs/software/libjpeg-turbo/2.1.3-GCCcore-11.3.0/lib] ==> [/usr/ebuild/installs/software/libjpeg-turbo/2.1.3-GCCcore-11.3.0/lib]
  collapse library dir [/usr/ebuild/installs/software/GL2PS/1.4.2-GCCcore-11.2.0/lib] ==> [/usr/ebuild/installs/software/GL2PS/1.4.2-GCCcore-11.2.0/lib]
  collapse library dir [/usr/ebuild/installs/software/freeglut/3.2.1-GCCcore-11.2.0/lib] ==> [/usr/ebuild/installs/software/freeglut/3.2.1-GCCcore-11.2.0/lib]
  collapse library dir [/usr/ebuild/installs/software/libGLU/9.0.2-GCCcore-11.2.0/lib] ==> [/usr/ebuild/installs/software/libGLU/9.0.2-GCCcore-11.2.0/lib]
  collapse library dir [/usr/ebuild/installs/software/Mesa/21.1.7-GCCcore-11.2.0/lib] ==> [/usr/ebuild/installs/software/Mesa/21.1.7-GCCcore-11.2.0/lib]
  collapse library dir [/usr/ebuild/installs/software/LLVM/12.0.1-GCCcore-11.2.0/lib] ==> [/usr/ebuild/installs/software/LLVM/12.0.1-GCCcore-11.2.0/lib]
  collapse library dir [/usr/ebuild/installs/software/libunwind/1.5.0-GCCcore-11.2.0/lib] ==> [/usr/ebuild/installs/software/libunwind/1.5.0-GCCcore-11.2.0/lib]
  collapse library dir [/usr/ebuild/installs/software/libglvnd/1.3.3-GCCcore-11.2.0/lib] ==> [/usr/ebuild/installs/software/libglvnd/1.3.3-GCCcore-11.2.0/lib]
  collapse library dir [/usr/ebuild/installs/software/libdrm/2.4.107-GCCcore-11.2.0/lib] ==> [/usr/ebuild/installs/software/libdrm/2.4.107-GCCcore-11.2.0/lib]
  collapse library dir [/usr/ebuild/installs/software/X11/20210802-GCCcore-11.2.0/lib] ==> [/usr/ebuild/installs/software/X11/20210802-GCCcore-11.2.0/lib]
  collapse library dir [/usr/ebuild/installs/software/fontconfig/2.13.94-GCCcore-11.2.0/lib] ==> [/usr/ebuild/installs/software/fontconfig/2.13.94-GCCcore-11.2.0/lib]
  collapse library dir [/usr/ebuild/installs/software/util-linux/2.37-GCCcore-11.2.0/lib] ==> [/usr/ebuild/installs/software/util-linux/2.37-GCCcore-11.2.0/lib]
  collapse library dir [/usr/ebuild/installs/software/expat/2.4.1-GCCcore-11.2.0/lib] ==> [/usr/ebuild/installs/software/expat/2.4.1-GCCcore-11.2.0/lib]
  collapse library dir [/usr/ebuild/installs/software/SciPy-bundle/2021.10-foss-2021b/lib/python3.9/site-packages/numpy/core/lib] ==> [/usr/ebuild/installs/software/SciPy-bundle/2021.10-foss-2021b/lib/python3.9/site-packages/numpy/core/lib]
  collapse library dir [/usr/ebuild/installs/software/SciPy-bundle/2021.10-foss-2021b/lib] ==> [/usr/ebuild/installs/software/SciPy-bundle/2021.10-foss-2021b/lib]
  collapse library dir [/usr/ebuild/installs/software/Python/3.9.6-GCCcore-11.2.0/lib] ==> [/usr/ebuild/installs/software/Python/3.9.6-GCCcore-11.2.0/lib]
  collapse library dir [/usr/ebuild/installs/software/libffi/3.4.2-GCCcore-11.2.0/lib64] ==> [/usr/ebuild/installs/software/libffi/3.4.2-GCCcore-11.2.0/lib64]
  collapse library dir [/usr/ebuild/installs/software/libffi/3.4.2-GCCcore-11.2.0/lib] ==> [/usr/ebuild/installs/software/libffi/3.4.2-GCCcore-11.2.0/lib]
  collapse library dir [/usr/ebuild/installs/software/GMP/6.2.1-GCCcore-11.2.0/lib] ==> [/usr/ebuild/installs/software/GMP/6.2.1-GCCcore-11.2.0/lib]
  collapse library dir [/usr/ebuild/installs/software/SQLite/3.36-GCCcore-11.2.0/lib] ==> [/usr/ebuild/installs/software/SQLite/3.36-GCCcore-11.2.0/lib]
  collapse library dir [/usr/ebuild/installs/software/Tcl/8.6.11-GCCcore-11.2.0/lib] ==> [/usr/ebuild/installs/software/Tcl/8.6.11-GCCcore-11.2.0/lib]
  collapse library dir [/usr/ebuild/installs/software/libreadline/8.1-GCCcore-11.2.0/lib] ==> [/usr/ebuild/installs/software/libreadline/8.1-GCCcore-11.2.0/lib]
  collapse library dir [/usr/ebuild/installs/software/ncurses/6.2-GCCcore-11.2.0/lib] ==> [/usr/ebuild/installs/software/ncurses/6.2-GCCcore-11.2.0/lib]
  collapse library dir [/usr/ebuild/installs/software/freetype/2.11.0-GCCcore-11.2.0/lib] ==> [/usr/ebuild/installs/software/freetype/2.11.0-GCCcore-11.2.0/lib]
  collapse library dir [/usr/ebuild/installs/software/Brotli/1.0.9-GCCcore-11.2.0/lib] ==> [/usr/ebuild/installs/software/Brotli/1.0.9-GCCcore-11.2.0/lib]
  collapse library dir [/usr/ebuild/installs/software/CFITSIO/3.49-GCCcore-11.2.0/lib] ==> [/usr/ebuild/installs/software/CFITSIO/3.49-GCCcore-11.2.0/lib]
  collapse library dir [/usr/ebuild/installs/software/cURL/7.78.0-GCCcore-11.2.0/lib] ==> [/usr/ebuild/installs/software/cURL/7.78.0-GCCcore-11.2.0/lib]
  collapse library dir [/usr/ebuild/installs/software/PCRE/8.45-GCCcore-11.2.0/lib] ==> [/usr/ebuild/installs/software/PCRE/8.45-GCCcore-11.2.0/lib]
  collapse library dir [/usr/ebuild/installs/software/bzip2/1.0.8-GCCcore-11.2.0/lib] ==> [/usr/ebuild/installs/software/bzip2/1.0.8-GCCcore-11.2.0/lib]
  collapse library dir [/usr/ebuild/installs/software/GSL/2.7-GCC-11.2.0/lib] ==> [/usr/ebuild/installs/software/GSL/2.7-GCC-11.2.0/lib]
  collapse library dir [/usr/ebuild/installs/software/ScaLAPACK/2.1.0-gompi-2021b-fb/lib] ==> [/usr/ebuild/installs/software/ScaLAPACK/2.1.0-gompi-2021b-fb/lib]
  collapse library dir [/usr/ebuild/installs/software/FFTW/3.3.10-gompi-2021b/lib] ==> [/usr/ebuild/installs/software/FFTW/3.3.10-gompi-2021b/lib]
  collapse library dir [/usr/ebuild/installs/software/FlexiBLAS/3.0.4-GCC-11.2.0/lib] ==> [/usr/ebuild/installs/software/FlexiBLAS/3.0.4-GCC-11.2.0/lib]
  collapse library dir [/usr/ebuild/installs/software/OpenBLAS/0.3.18-GCC-11.2.0/lib] ==> [/usr/ebuild/installs/software/OpenBLAS/0.3.18-GCC-11.2.0/lib]
  collapse library dir [/usr/ebuild/installs/software/OpenMPI/4.1.1-GCC-11.2.0/lib] ==> [/usr/ebuild/installs/software/OpenMPI/4.1.1-GCC-11.2.0/lib]
  collapse library dir [/usr/ebuild/installs/software/PMIx/4.1.0-GCCcore-11.2.0/lib] ==> [/usr/ebuild/installs/software/PMIx/4.1.0-GCCcore-11.2.0/lib]
  collapse library dir [/usr/ebuild/installs/software/libfabric/1.13.2-GCCcore-11.2.0/lib] ==> [/usr/ebuild/installs/software/libfabric/1.13.2-GCCcore-11.2.0/lib]
  collapse library dir [/usr/ebuild/installs/software/UCX/1.11.2-GCCcore-11.2.0/lib] ==> [/usr/ebuild/installs/software/UCX/1.11.2-GCCcore-11.2.0/lib]
  collapse library dir [/usr/ebuild/installs/software/libevent/2.1.12-GCCcore-11.2.0/lib] ==> [/usr/ebuild/installs/software/libevent/2.1.12-GCCcore-11.2.0/lib]
  collapse library dir [/usr/ebuild/installs/software/OpenSSL/1.1/lib] ==> [/usr/ebuild/installs/software/OpenSSL/1.1/lib]
  collapse library dir [/usr/ebuild/installs/software/hwloc/2.5.0-GCCcore-11.2.0/lib] ==> [/usr/ebuild/installs/software/hwloc/2.5.0-GCCcore-11.2.0/lib]
  collapse library dir [/usr/ebuild/installs/software/libpciaccess/0.16-GCCcore-11.2.0/lib] ==> [/usr/ebuild/installs/software/libpciaccess/0.16-GCCcore-11.2.0/lib]
  collapse library dir [/usr/ebuild/installs/software/numactl/2.0.14-GCCcore-11.2.0/lib] ==> [/usr/ebuild/installs/software/numactl/2.0.14-GCCcore-11.2.0/lib]
  collapse library dir [/usr/ebuild/installs/software/binutils/2.37-GCCcore-11.2.0/lib] ==> [/usr/ebuild/installs/software/binutils/2.37-GCCcore-11.2.0/lib]
  collapse library dir [/usr/ebuild/software/emerald/software/GCCcore/11.3.0/bin/../lib/gcc/x86_64-pc-linux-gnu/11.3.0/../../..] ==> [/usr/ebuild/software/emerald/software/GCCcore/11.3.0/lib]
  implicit libs: [stdc++;m;gcc_s;gcc;c;gcc_s;gcc]
  implicit dirs: [/usr/ebuild/software/emerald/software/GCCcore/11.3.0/lib/gcc/x86_64-pc-linux-gnu/11.3.0;/usr/ebuild/software/emerald/software/GCCcore/11.3.0/lib/gcc;/usr/ebuild/installs/software/DCMTK/3.6.7-GCCcore-11.3.0/lib64;/usr/ebuild/installs/software/libxml2/2.9.13-GCCcore-11.3.0/lib64;/usr/ebuild/installs/software/XZ/5.2.5-GCCcore-11.3.0/lib64;/usr/ebuild/installs/software/libpng/1.6.37-GCCcore-11.3.0/lib64;/usr/ebuild/installs/software/zlib/1.2.12-GCCcore-11.3.0/lib64;/usr/ebuild/installs/software/ROOT/6.24.06-foss-2021b/lib64;/cm/shared/apps/slurm/current/lib64;/usr/ebuild/installs/software/libiconv/1.17-GCCcore-11.3.0/lib64;/usr/ebuild/installs/software/LibTIFF/4.3.0-GCCcore-11.3.0/lib64;/usr/ebuild/installs/software/libdeflate/1.10-GCCcore-11.3.0/lib64;/usr/ebuild/installs/software/zstd/1.5.2-GCCcore-11.3.0/lib64;/usr/ebuild/installs/software/lz4/1.9.3-GCCcore-11.3.0/lib64;/usr/ebuild/installs/software/jbigkit/2.1-GCCcore-11.3.0/lib64;/usr/ebuild/installs/software/libjpeg-turbo/2.1.3-GCCcore-11.3.0/lib64;/usr/ebuild/installs/software/GL2PS/1.4.2-GCCcore-11.2.0/lib64;/usr/ebuild/installs/software/freeglut/3.2.1-GCCcore-11.2.0/lib64;/usr/ebuild/installs/software/libGLU/9.0.2-GCCcore-11.2.0/lib64;/usr/ebuild/installs/software/Mesa/21.1.7-GCCcore-11.2.0/lib64;/usr/ebuild/installs/software/LLVM/12.0.1-GCCcore-11.2.0/lib64;/usr/ebuild/installs/software/libunwind/1.5.0-GCCcore-11.2.0/lib64;/usr/ebuild/installs/software/libglvnd/1.3.3-GCCcore-11.2.0/lib64;/usr/ebuild/installs/software/libdrm/2.4.107-GCCcore-11.2.0/lib64;/usr/ebuild/installs/software/X11/20210802-GCCcore-11.2.0/lib64;/usr/ebuild/installs/software/fontconfig/2.13.94-GCCcore-11.2.0/lib64;/usr/ebuild/installs/software/util-linux/2.37-GCCcore-11.2.0/lib64;/usr/ebuild/installs/software/expat/2.4.1-GCCcore-11.2.0/lib64;/usr/ebuild/installs/software/SciPy-bundle/2021.10-foss-2021b/lib64;/usr/ebuild/installs/software/Python/3.9.6-GCCcore-11.2.0/lib64;/usr/ebuild/installs/software/libffi/3.4.2-GCCcore-11.2.0/lib64;/usr/ebuild/installs/software/GMP/6.2.1-GCCcore-11.2.0/lib64;/usr/ebuild/installs/software/SQLite/3.36-GCCcore-11.2.0/lib64;/usr/ebuild/installs/software/Tcl/8.6.11-GCCcore-11.2.0/lib64;/usr/ebuild/installs/software/libreadline/8.1-GCCcore-11.2.0/lib64;/usr/ebuild/installs/software/ncurses/6.2-GCCcore-11.2.0/lib64;/usr/ebuild/installs/software/freetype/2.11.0-GCCcore-11.2.0/lib64;/usr/ebuild/installs/software/Brotli/1.0.9-GCCcore-11.2.0/lib64;/usr/ebuild/installs/software/CFITSIO/3.49-GCCcore-11.2.0/lib64;/usr/ebuild/installs/software/cURL/7.78.0-GCCcore-11.2.0/lib64;/usr/ebuild/installs/software/PCRE/8.45-GCCcore-11.2.0/lib64;/usr/ebuild/installs/software/bzip2/1.0.8-GCCcore-11.2.0/lib64;/usr/ebuild/installs/software/GSL/2.7-GCC-11.2.0/lib64;/usr/ebuild/installs/software/ScaLAPACK/2.1.0-gompi-2021b-fb/lib64;/usr/ebuild/installs/software/FFTW/3.3.10-gompi-2021b/lib64;/usr/ebuild/installs/software/FlexiBLAS/3.0.4-GCC-11.2.0/lib64;/usr/ebuild/installs/software/OpenBLAS/0.3.18-GCC-11.2.0/lib64;/usr/ebuild/installs/software/OpenMPI/4.1.1-GCC-11.2.0/lib64;/usr/ebuild/installs/software/PMIx/4.1.0-GCCcore-11.2.0/lib64;/usr/ebuild/installs/software/libfabric/1.13.2-GCCcore-11.2.0/lib64;/usr/ebuild/installs/software/UCX/1.11.2-GCCcore-11.2.0/lib64;/usr/ebuild/installs/software/libevent/2.1.12-GCCcore-11.2.0/lib64;/usr/ebuild/installs/software/OpenSSL/1.1/lib64;/usr/ebuild/installs/software/hwloc/2.5.0-GCCcore-11.2.0/lib64;/usr/ebuild/installs/software/libpciaccess/0.16-GCCcore-11.2.0/lib64;/usr/ebuild/installs/software/numactl/2.0.14-GCCcore-11.2.0/lib64;/usr/ebuild/installs/software/binutils/2.37-GCCcore-11.2.0/lib64;/usr/ebuild/software/emerald/software/GCCcore/11.3.0/lib64;/lib64;/usr/lib64;/usr/ebuild/installs/software/DCMTK/3.6.7-GCCcore-11.3.0/lib;/usr/ebuild/installs/software/libxml2/2.9.13-GCCcore-11.3.0/lib;/usr/ebuild/installs/software/XZ/5.2.5-GCCcore-11.3.0/lib;/usr/ebuild/installs/software/libpng/1.6.37-GCCcore-11.3.0/lib;/usr/ebuild/installs/software/zlib/1.2.12-GCCcore-11.3.0/lib;/usr/ebuild/installs/software/ROOT/6.24.06-foss-2021b/lib;/cm/shared/apps/slurm/current/lib64/slurm;/usr/ebuild/installs/software/libiconv/1.17-GCCcore-11.3.0/lib;/usr/ebuild/installs/software/LibTIFF/4.3.0-GCCcore-11.3.0/lib;/usr/ebuild/installs/software/libdeflate/1.10-GCCcore-11.3.0/lib;/usr/ebuild/installs/software/zstd/1.5.2-GCCcore-11.3.0/lib;/usr/ebuild/installs/software/lz4/1.9.3-GCCcore-11.3.0/lib;/usr/ebuild/installs/software/jbigkit/2.1-GCCcore-11.3.0/lib;/usr/ebuild/installs/software/libjpeg-turbo/2.1.3-GCCcore-11.3.0/lib;/usr/ebuild/installs/software/GL2PS/1.4.2-GCCcore-11.2.0/lib;/usr/ebuild/installs/software/freeglut/3.2.1-GCCcore-11.2.0/lib;/usr/ebuild/installs/software/libGLU/9.0.2-GCCcore-11.2.0/lib;/usr/ebuild/installs/software/Mesa/21.1.7-GCCcore-11.2.0/lib;/usr/ebuild/installs/software/LLVM/12.0.1-GCCcore-11.2.0/lib;/usr/ebuild/installs/software/libunwind/1.5.0-GCCcore-11.2.0/lib;/usr/ebuild/installs/software/libglvnd/1.3.3-GCCcore-11.2.0/lib;/usr/ebuild/installs/software/libdrm/2.4.107-GCCcore-11.2.0/lib;/usr/ebuild/installs/software/X11/20210802-GCCcore-11.2.0/lib;/usr/ebuild/installs/software/fontconfig/2.13.94-GCCcore-11.2.0/lib;/usr/ebuild/installs/software/util-linux/2.37-GCCcore-11.2.0/lib;/usr/ebuild/installs/software/expat/2.4.1-GCCcore-11.2.0/lib;/usr/ebuild/installs/software/SciPy-bundle/2021.10-foss-2021b/lib/python3.9/site-packages/numpy/core/lib;/usr/ebuild/installs/software/SciPy-bundle/2021.10-foss-2021b/lib;/usr/ebuild/installs/software/Python/3.9.6-GCCcore-11.2.0/lib;/usr/ebuild/installs/software/libffi/3.4.2-GCCcore-11.2.0/lib;/usr/ebuild/installs/software/GMP/6.2.1-GCCcore-11.2.0/lib;/usr/ebuild/installs/software/SQLite/3.36-GCCcore-11.2.0/lib;/usr/ebuild/installs/software/Tcl/8.6.11-GCCcore-11.2.0/lib;/usr/ebuild/installs/software/libreadline/8.1-GCCcore-11.2.0/lib;/usr/ebuild/installs/software/ncurses/6.2-GCCcore-11.2.0/lib;/usr/ebuild/installs/software/freetype/2.11.0-GCCcore-11.2.0/lib;/usr/ebuild/installs/software/Brotli/1.0.9-GCCcore-11.2.0/lib;/usr/ebuild/installs/software/CFITSIO/3.49-GCCcore-11.2.0/lib;/usr/ebuild/installs/software/cURL/7.78.0-GCCcore-11.2.0/lib;/usr/ebuild/installs/software/PCRE/8.45-GCCcore-11.2.0/lib;/usr/ebuild/installs/software/bzip2/1.0.8-GCCcore-11.2.0/lib;/usr/ebuild/installs/software/GSL/2.7-GCC-11.2.0/lib;/usr/ebuild/installs/software/ScaLAPACK/2.1.0-gompi-2021b-fb/lib;/usr/ebuild/installs/software/FFTW/3.3.10-gompi-2021b/lib;/usr/ebuild/installs/software/FlexiBLAS/3.0.4-GCC-11.2.0/lib;/usr/ebuild/installs/software/OpenBLAS/0.3.18-GCC-11.2.0/lib;/usr/ebuild/installs/software/OpenMPI/4.1.1-GCC-11.2.0/lib;/usr/ebuild/installs/software/PMIx/4.1.0-GCCcore-11.2.0/lib;/usr/ebuild/installs/software/libfabric/1.13.2-GCCcore-11.2.0/lib;/usr/ebuild/installs/software/UCX/1.11.2-GCCcore-11.2.0/lib;/usr/ebuild/installs/software/libevent/2.1.12-GCCcore-11.2.0/lib;/usr/ebuild/installs/software/OpenSSL/1.1/lib;/usr/ebuild/installs/software/hwloc/2.5.0-GCCcore-11.2.0/lib;/usr/ebuild/installs/software/libpciaccess/0.16-GCCcore-11.2.0/lib;/usr/ebuild/installs/software/numactl/2.0.14-GCCcore-11.2.0/lib;/usr/ebuild/installs/software/binutils/2.37-GCCcore-11.2.0/lib;/usr/ebuild/software/emerald/software/GCCcore/11.3.0/lib]
  implicit fwks: []


Determining if the include file pthread.h exists passed with the following output:
Change Dir: /home/hs50610/team2/team2_PJMC/PJMC_READY/CMakeFiles/CMakeTmp

Run Build Command(s):/usr/bin/gmake cmTC_faa71/fast && /usr/bin/gmake -f CMakeFiles/cmTC_faa71.dir/build.make CMakeFiles/cmTC_faa71.dir/build
gmake[1]: Entering directory '/umbc/rs/cybertrn/reu2025/team2/team2_PJMC/PJMC_READY/CMakeFiles/CMakeTmp'
Building C object CMakeFiles/cmTC_faa71.dir/CheckIncludeFile.c.o
/usr/ebuild/installs/software/GCCcore/11.3.0/bin/cc    -o CMakeFiles/cmTC_faa71.dir/CheckIncludeFile.c.o   -c /home/hs50610/team2/team2_PJMC/PJMC_READY/CMakeFiles/CMakeTmp/CheckIncludeFile.c
Linking C executable cmTC_faa71
/cm/shared/apps/CMake/3.17.0/bin/cmake -E cmake_link_script CMakeFiles/cmTC_faa71.dir/link.txt --verbose=1
/usr/ebuild/installs/software/GCCcore/11.3.0/bin/cc      CMakeFiles/cmTC_faa71.dir/CheckIncludeFile.c.o  -o cmTC_faa71 
gmake[1]: Leaving directory '/umbc/rs/cybertrn/reu2025/team2/team2_PJMC/PJMC_READY/CMakeFiles/CMakeTmp'



Performing C SOURCE FILE Test CMAKE_HAVE_LIBC_PTHREAD succeeded with the following output:
Change Dir: /home/hs50610/team2/team2_PJMC/PJMC_READY/CMakeFiles/CMakeTmp

Run Build Command(s):/usr/bin/gmake cmTC_6a4b5/fast && /usr/bin/gmake -f CMakeFiles/cmTC_6a4b5.dir/build.make CMakeFiles/cmTC_6a4b5.dir/build
gmake[1]: Entering directory '/umbc/rs/cybertrn/reu2025/team2/team2_PJMC/PJMC_READY/CMakeFiles/CMakeTmp'
Building C object CMakeFiles/cmTC_6a4b5.dir/src.c.o
/usr/ebuild/installs/software/GCCcore/11.3.0/bin/cc   -DCMAKE_HAVE_LIBC_PTHREAD   -o CMakeFiles/cmTC_6a4b5.dir/src.c.o   -c /home/hs50610/team2/team2_PJMC/PJMC_READY/CMakeFiles/CMakeTmp/src.c
Linking C executable cmTC_6a4b5
/cm/shared/apps/CMake/3.17.0/bin/cmake -E cmake_link_script CMakeFiles/cmTC_6a4b5.dir/link.txt --verbose=1
/usr/ebuild/installs/software/GCCcore/11.3.0/bin/cc  -DCMAKE_HAVE_LIBC_PTHREAD    CMakeFiles/cmTC_6a4b5.dir/src.c.o  -o cmTC_6a4b5 
gmake[1]: Leaving directory '/umbc/rs/cybertrn/reu2025/team2/team2_PJMC/PJMC_READY/CMakeFiles/CMakeTmp'


Source file was:
#include <pthread.h>

void* test_func(void* data)
{
  return data;
}

int main(void)
{
  pthread_t thread;
  pthread_create(&thread, NULL, test_func, NULL);
  pthread_detach(thread);
  pthread_cancel(thread);
  pthread_join(thread, NULL);
  pthread_atfork(NULL, NULL, NULL);
  pthread_exit(NULL);

  return 0;
}

